"SA2_MAIN16","score_single_hard_base","score_single_hard_int","score_single_hard_diff","score_single_soft_base","score_single_soft_int","score_single_soft_diff","score_wt_hard_base","score_wt_hard_int","score_wt_hard_diff","score_wt_soft_base","score_wt_soft_int","score_wt_soft_diff","score_wt_mult_hard_base","score_wt_mult_hard_int","score_wt_mult_hard_diff","score_wt_mult_soft_base","score_wt_mult_soft_int","score_wt_mult_soft_diff"
"201021009",1.91073446327684,1.91073446327684,0,1.95763573869666,1.95763573869666,0,2.35254237288136,2.35254237288136,0,2.38829108951401,2.38829108951401,0,2.64858757062147,2.64858757062147,0,2.68765078118539,2.68765078118539,0
"202021030",1.14516129032258,1.14516129032258,0,1.08490508380853,1.08490508380853,0,1.14516129032258,1.14516129032258,0,1.08490508380853,1.08490508380853,0,1.14516129032258,1.14516129032258,0,1.08490508380853,1.08490508380853,0
"202021031",2.5785153461813,2.5785153461813,0,2.69258191573583,2.69258191573583,0,3.50785153461813,3.50785153461813,0,3.7152782806443,3.7152782806443,0,3.82619557458958,3.82619557458958,0,4.08504400589774,4.08504400589774,0
"203021043",3.6357938718663,3.6357938718663,0,3.61929449482759,3.61929449482759,0,5.08530640668524,5.08530640668524,0,5.15376246320086,5.15376246320086,0,5.74895543175488,5.74895543175488,0,5.90812581378071,5.90812581378071,0
"203031050",12,12,0,11.9196857889086,11.9196857889086,0,18,18,0,17.8795286833629,17.8795286833629,3.5527136788005e-15,20,20,0,19.8530830398583,19.8530830398583,7.105427357601e-15
"203031052",12,12,0,11.9193443395908,11.9193443395908,0,18,18,0,17.8789975399796,17.8789975399796,3.5527136788005e-15,20,20,0,19.852551896475,19.852551896475,7.105427357601e-15
"204011054",4.1,4.1,0,4.07462533834594,4.07462533834594,0,6.31384615384615,6.31384615384615,0,6.33919508604271,6.33919508604271,0,6.99692307692308,6.99692307692308,0,7.06837788062718,7.06837788062718,0
"204011056",3.13389190077214,3.13389190077214,0,3.11151734641432,3.11151734641432,0,4.53293905043535,4.53293905043535,0,4.49523257948326,4.49523257948326,0,4.98899293576474,4.98899293576474,0,4.99366370822635,4.99366370822635,0
"204011060",0,0,0,2.80381808281125e-19,2.80381808281125e-19,0,0,0,0,2.80381808281125e-19,2.80381808281125e-19,0,0,0,0,2.80381808281125e-19,2.80381808281125e-19,0
"204011061",1,1,0,0.996808610832576,0.996808610832576,0,1,1,0,1.00031007258944,1.00031007258944,0,1,1,0,1.00031007258944,1.00031007258944,0
"204011062",0.683673469387755,0.683673469387755,0,0.642958151119322,0.642958151119322,0,0.738095238095238,0.738095238095238,0,0.68154774820904,0.68154774820904,0,0.738095238095238,0.738095238095238,0,0.681547748209703,0.681547748209703,0
"205011076",3.18465690053971,3.18465690053971,0,3.23245541233042,3.23245541233059,1.73638881051374e-13,4.93330763299923,4.93330763299923,0,4.9587824146594,4.95878241465957,1.74082970261225e-13,5.19982009766127,5.19982009766127,0,5.28599046377696,5.28599046377713,1.74082970261225e-13
"205031089",4.19115734720416,4.19115734720416,0,4.07514419148257,4.07514419148257,0,6.30819245773732,6.30819245773732,0,6.12173561067548,6.12173561067548,0,7.37971391417425,7.37971391417425,0,7.02259959369188,7.02259959369188,0
"205031091",11.0792561834266,11.0792561834266,0,11.005330458415,11.005330458415,0,18.4347355118252,18.4347355118252,0,18.3116089512198,18.3116089512198,0,18.4347355118252,18.4347355118252,0,18.3120262201718,18.3120262201718,0
"205031093",0.714733542319749,0.714733542319749,0,0.671642979269414,0.671642979269414,0,0.714733542319749,0.714733542319749,0,0.671642979269961,0.671642979269961,0,0.714733542319749,0.714733542319749,0,0.671642979269961,0.671642979269961,0
"206011105",8.69239662676823,12.6430903155604,3.95069368879216,8.29977744427713,11.2384607698621,2.93868332558494,16.8313384113166,23.3695593035909,6.53822089227421,15.8924393389297,20.80767040562,4.91523106669026,18.7414309031556,25.4062840043526,6.66485310119695,17.917353995934,22.9901737565473,5.07281976061329
"206011106",9.11042151538661,12.503749676752,3.3933281613654,8.51352057689033,11.1676232141393,2.65410263724895,17.31484354797,23.115076286527,5.80023273855702,16.0553203028195,20.6432205623028,4.58790025948335,18.6549004396173,24.4551331781743,5.80023273855702,17.6790007060418,22.2778071663278,4.59880646028597
"206011107",8.86065920135221,12.7499471793788,3.88928797802662,8.49739023540374,11.5764916993505,3.07910146394676,16.6688147052609,23.2917811113459,6.62296640608493,15.8672851484289,21.1707692193749,5.30348407094603,17.3356222269174,24.1586731459962,6.82305091907881,16.8310015059133,22.3873160475876,5.55631454167434
"206011108",8.04107648725213,12.2764276129417,4.23535112568958,7.71037870507515,11.076020274417,3.3656415693419,13.7573430743999,22.1710899060683,8.4137468316684,13.3550764863015,19.9828328725372,6.62775638623562,14.7039660056657,23.3607425078276,8.65677650216192,14.3251742281551,21.3173254039342,6.99215117577909
"206011109",7.36433597185576,12.5784960422164,5.2141600703606,7.11722012583029,11.2671968867739,4.14997676094365,11.2361477572559,23.0866314863676,11.8504837291117,11.3094553166306,20.6403063307638,9.33085101413317,11.4379947229551,23.570800351803,12.1328056288478,11.6773585050521,21.427610485686,9.75025198063395
"206021110",9.51956434045986,13.3527632109722,3.8331988705123,9.0298747812899,12.1012993061213,3.07142452483137,16.2275110931827,24.6865671641791,8.45905607099637,15.4958933207248,22.4469815884765,6.95108826775172,17.8346107301331,26.4413069786204,8.60669624848729,17.2487809121611,24.4142407190997,7.16545980693859
"206021111",8.05234336106962,13.4274233696039,5.37508000853424,7.80171773933544,11.8386204448506,4.03690270551519,14.6816015930588,24.8441789346419,10.1625773415831,14.2463140565715,21.9355636405794,7.68924958400788,15.6361567456084,26.116634663253,10.4804779176445,15.3721532750475,23.5345718569741,8.16241858192663
"206021112",8.26002928257687,13.2392386530015,4.9792093704246,7.87466777914192,11.8460271185399,3.97135933939802,14.4616886285993,24.1409468033187,9.67925817471937,13.8825095835263,21.6186609367756,7.73615135324937,15.7112737920937,25.6203025866276,9.90902879453392,15.2904964935666,23.3967257497717,8.10622925620514
"206031113",8.11853340030136,12.1520592667002,4.0335258663988,7.7490318019695,10.8978253647733,3.14879356280378,14.0765946760422,21.9554244098443,7.87882973380211,13.5150723191915,19.6193659070627,6.1042935878712,14.6582119537921,22.7462330487192,8.08802109492717,14.2548801066985,20.7398591686738,6.48497906197526
"206031114",7.68847393874261,12.0694519075766,4.38097796883396,7.37734903104886,10.8569901568583,3.47964112580942,13.9177861364858,21.9924099946265,8.07462385814078,13.4361211812674,19.7143713900852,6.2782502088178,14.7542987641053,23.0846990865126,8.33040032240731,14.3760420349726,20.9891889740941,6.61314693912153
"206031115",8.61528049330726,13.2132651526545,4.59798465934727,8.22070964432973,11.5422692656632,3.32155962133348,15.7667318393743,24.110693337344,8.34396149796962,14.8044427495531,21.147013691932,6.34257094237892,16.8345615882088,25.4501428786284,8.61558129041961,15.9821252426862,22.6297667232901,6.64764148060387
"206031116",8.25563709139426,11.7430286857905,3.48739159439626,7.92884789867245,10.6577980827103,2.72895018403781,14.2077384923282,21.3533022014676,7.14556370913943,13.6643443231427,19.4338525006223,5.7695081774796,15.3965310206805,22.7054036024016,7.30887258172115,14.9601892111924,21.0020231503238,6.04183393913138
"206041117",10.8237661512391,13.4226505683824,2.59888441714326,10.1678923542393,12.0852089310656,1.91731657682626,21.1145237590906,24.7794252630092,3.66490150391866,19.5745874737812,22.3614257453686,2.78683827158735,23.8249664619078,27.5080844453859,3.68311798347808,22.2393175231757,25.102336916337,2.86301939316131
"206041118",9.40555748523793,12.9899965265717,3.5844390413338,9.23542983178983,11.9512176971769,2.7157878653871,19.9237929836749,24.2275790204932,4.30378603681834,19.1463918089028,22.3792743270485,3.23288251814563,24.1990274400834,28.5319902744008,4.33296283431747,23.1210084521798,26.4146274867999,3.29361903462015
"206041119",8.9235875497861,13.7086590942617,4.78507154447559,8.59014895242167,12.4028857166204,3.81273676419868,16.2352854403304,25.4391503171559,9.20386487682549,15.6107408653334,22.9288743329754,7.31813346764199,17.2867679598761,26.5900575306092,9.30328957073315,16.8993741384818,24.346981122377,7.44760698389516
"206041121",7.79875466998755,13.3393524283935,5.54059775840598,7.39996935697503,11.9139694382824,4.51400008130735,14.4814445828144,24.5529265255293,10.0714819427148,13.5428052112636,21.7858376642437,8.2430324529801,15.8560398505604,26.0039850560399,10.1479452054795,15.0905118332972,23.450384236879,8.3598724035818
"206041122",11.3861574815154,13.4878039484717,2.10164646695632,10.845096567661,12.4132242449106,1.56812767724966,22.8164494244988,25.4130650201997,2.59661559570089,21.6958322738699,23.625415908152,1.92958363428213,26.961811113652,29.5584267093528,2.59661559570089,25.4325528779297,27.3621365122119,1.92958363428213
"206041123",11.49510974201,13.0112437427801,1.51613400077012,10.6880117952072,11.623138638042,0.935126842834778,21.7308432807085,24.1467077396997,2.41586445899114,20.1213852281306,21.6026107919175,1.48122556378685,23.9698883326916,26.5068155564112,2.53692722371968,22.4654114392139,24.1601818603788,1.69477042116494
"206041124",4.85049969406486,8.26575565980012,3.41525596573526,4.93563752919182,7.69573639524137,2.76009886604955,7.64980624107689,14.2221089129105,6.57230267183357,7.85548587151218,13.0995734413706,5.24408756985846,7.89047521925352,14.4644095451764,6.57393432592291,8.28245808863645,13.5945135844303,5.31205549579389
"206041125",9.38290237467018,13.562110817942,4.17920844327177,9.09825715168289,12.3885172653727,3.29026011368976,18.0700791556728,25.100580474934,7.03050131926122,17.3121584342009,22.7297638128851,5.41760537868414,20.4622691292876,27.4927704485488,7.03050131926122,19.5396627000425,24.9973114670369,5.45764876699433
"206041126",10.2384526558891,13.6104695919938,3.37201693610469,9.68925296675652,12.1324411586035,2.44318819184702,20.6320887862458,25.4566974595843,4.82460867333846,19.6551179916251,23.0051711570469,3.35005316542179,21.7149730561971,26.8910059019759,5.17603284577881,20.9476700813912,24.8933247516688,3.94565467027759
"206051128",10.9233678523188,13.4948221521837,2.57145429986493,10.1444560444082,12.1363531248098,1.9918970804016,21.3470508779829,25.0043223773075,3.65727149932463,19.5056563197774,22.3905352296311,2.88487890985367,23.907699234579,27.6606033318325,3.75290409725349,22.1290823683407,25.1264122794557,2.99732991111506
"206051129",9.69086189922134,13.2774545780005,3.5865926787792,9.06876997602374,11.8005010818851,2.7317311058614,17.973418061398,24.2829141680838,6.30949610668576,16.8290008895711,21.5445299264982,4.71552903692715,19.3236373400161,25.9743130761658,6.65067573614965,18.3613255619775,23.4395713968131,5.07824583483557
"206051130",10.7127880783226,13.0721712008317,2.3593831225091,9.97272923596605,11.8096080396441,1.83687880367806,20.0246924276555,24.4645642003119,4.43987177265639,18.7447839939111,22.1599731630415,3.41518916913043,23.2461445156819,27.7260440131693,4.47989949748743,21.8040924335421,25.2543136077574,3.45022117421534
"206051131",2.21935483870968,2.21935483870968,0,2.00012588291359,2.01571308095188,0.0155871980382933,2.95913978494624,2.95913978494624,0,2.62420533222653,2.64563621364173,0.0214308814152049,3.30322580645161,3.30322580645161,0,3.01689416855656,3.03832504997176,0.0214308814152049
"206051132",11.4002433090024,13.3058741744873,1.90563086548488,10.6278131342334,11.8592547775875,1.23144164335406,20.8533194299618,24.3934654153632,3.54014598540146,19.2848114251613,21.4920198877866,2.20720846262528,22.7573861661453,26.5245046923879,3.76711852624261,21.3421745312877,23.7915250103375,2.44935047904982
"206051133",9.78338747914654,12.8918254456054,3.10843796645887,9.2199233975078,11.5481064824711,2.32818308496327,18.9251031697252,23.8617525682676,4.93664939854245,17.785518567297,21.3233774018164,3.53785883451943,20.8814645710774,25.87114759856,4.98968302748266,20.044814388381,23.6847367566238,3.63992236824282
"206051134",9.5422619047619,12.6291666666667,3.08690476190476,8.96490387443465,11.3234740093811,2.35857013494646,16.0756802721088,23.1102040816327,7.03452380952381,15.2844620800961,20.7276891801846,5.44322710008844,17.193537414966,24.4447278911565,7.25119047619047,16.5202224423802,22.2311236961795,5.71090125379929
"206061135",8.81375606375606,11.8355855855856,3.02182952182952,8.34266553279496,10.7590002124131,2.41633467961818,15.3560291060291,20.9192654192654,5.56323631323631,14.6456397080967,19.1966344083341,4.55099470023739,17.1366943866944,22.8468468468468,5.71015246015246,16.4920727267582,21.2612402576368,4.76916753087857
"206061136",10.4177299703264,13.0586795252226,2.64094955489614,9.72118177880116,11.5392693473289,1.81808756852779,19.0357566765579,24.469881305638,5.43412462908012,17.7795023313196,21.5271331715031,3.74763084018352,20.3839762611276,25.9930267062315,5.60905044510386,19.4876001023049,23.4630297513617,3.97542964905686
"206061137",10.8383115280178,12.9768781370855,2.13856660906772,10.0570327324941,11.5622336938978,1.50520096140378,20.9380399901259,23.7942894758496,2.85624948572369,19.312512557613,21.2569975410987,1.94448498348564,22.5129597630215,25.3873117748704,2.87435201184892,21.2244057220528,23.2371069274532,2.01270120540039
"206061138",7.00653737197647,10.1270429287426,3.12050555676618,6.75477616272419,9.37512685468604,2.62035069196185,11.4653519285247,17.9911745478318,6.52582261930704,11.2149114930342,16.637765797055,5.42285430402078,12.5339943342776,19.126933972543,6.59293963826542,12.4063411703972,17.9116633872566,5.50532221685942
"206071139",9.1609022556391,12.699582289056,3.53868003341688,8.48900624010141,11.2951930851063,2.80618684500488,17.5609022556391,23.2960735171261,5.73517126148705,16.3258364739494,20.8522599219529,4.52642344800357,19.606015037594,25.4263993316625,5.82038429406851,18.3801583282504,22.9752148622285,4.59505653397807
"206071140",10.1031096563011,13.1687806873977,3.06567103109656,9.45323523458218,11.8528684393562,2.39963320477405,17.7219721767594,23.8218085106383,6.09983633387889,16.5108216497048,21.3912854129257,4.88046376322094,20.0787643207856,26.2072422258592,6.12847790507365,18.8968032677639,23.8589760831938,4.96217281542987
"206071141",10.552316419792,13.3354869208951,2.78317050110306,9.6432943243626,11.8352225102947,2.19192818593213,19.1085723290262,24.9550898203593,5.84651749133312,17.5337496129915,22.2333986642631,4.69964905127164,21.277182477151,27.1271667191932,5.84998424204223,19.7390851551916,24.5824504537262,4.84336529853455
"206071142",10.7927978618652,13.320579547053,2.52778168518779,10.123899638182,12.0742327147297,1.95033307654762,19.7673371782248,24.7968771979181,5.02954001969335,18.7510749204088,22.6120965862347,3.86102166582586,21.1613447742298,26.7068504712336,5.5455056970038,20.281063495437,24.7283372945783,4.44727379914131
"206071143",9.24227441285538,13.3363548963055,4.09408048345008,8.68724379070613,11.9880558841108,3.30081209340469,17.077049855789,24.7514077736575,7.67435791786843,16.0310367730153,22.2703122616691,6.23927548865386,18.603763219338,26.3108089548139,7.7070457354759,17.7261341597233,24.0577754607998,6.3316413010765
"206071144",9.14502225477492,13.3305538340188,4.1855315792439,8.57657820455303,11.8261432046915,3.24956500013842,16.7908051157812,24.6815031832779,7.89069806749676,15.5955882164768,21.7964824168354,6.20089420035857,18.931432756775,27.0305932728604,8.09916051608541,17.8832504312308,24.2647134750649,6.38146304383416
"206071145",6.92240868706811,12.3828232971372,5.4604146100691,6.64402570469543,11.1555793523729,4.51155364767751,12.0471865745311,22.5624876604146,10.5153010858835,11.5919823837165,20.3881188487544,8.79613646503794,12.3081934846989,23.2065153010859,10.898321816387,12.0040289862378,21.2403688959733,9.23633990973552
"207011146",7.30559460219286,12.5766095023897,5.2710149001968,6.96844028695801,11.2791785193993,4.31073823244131,11.5260050604442,23.0655046387405,11.5394995782963,11.2677773381078,20.685791651405,9.41801431329723,12.2541467528816,23.9527691875176,11.6986224346359,12.046236166436,21.736191451294,9.689955284858
"207011147",7.77118952346308,12.386686067661,4.61549654419789,7.4385347902687,10.9760408759552,3.53750608568652,13.4608948708621,22.5971868558264,9.13629198496423,13.005049273654,19.9782345465865,6.97318527293246,14.4896325936704,23.8744998181157,9.38486722444525,14.1853713996791,21.4847448898624,7.29937349018324
"207011148",6.36637490053427,10.8813231783563,4.51494827782198,6.13249534123096,9.97323061599461,3.84073527476365,10.2183698988291,19.4518585881551,9.2334886893259,10.0507103236209,17.9099355035765,7.85922517995554,10.5896328293737,19.9613504603842,9.37171763101057,10.5263413013028,18.6627640858488,8.136422784546
"207011149",6.43508287292818,11.8265588003157,5.39147592738753,6.26543555582728,10.7097777280134,4.44434217218611,9.91466061562747,21.4054853985793,11.4908247829519,9.91590570737345,19.423199990622,9.50729428324858,10.5853393843725,22.2275059194949,11.6421665351223,10.6854188108179,20.4307588641615,9.74534005334358
"207011150",5.47891193845308,11.2182992169254,5.73938727847232,5.49891571531025,10.2156002336329,4.71668451832269,8.27146586069515,20.1910976782525,11.9196318175574,8.49874292292299,18.4085346673011,9.90979174437811,9.12323121307872,21.1989284242341,12.0756972111554,9.42864832762086,19.5899494202122,10.1613010925913
"207011151",8.88336624225506,13.1126846871383,4.22931844488323,8.44831316125945,11.7579969543174,3.309683793058,16.1823381221488,24.19180227412,8.00946415197113,15.4134356453813,21.6792744188374,6.26583877345616,18.0167495063662,26.2317015047321,8.2149519983659,17.2919481067295,23.8213904923234,6.52944238559392
"207011152",8.42703691006742,12.8003656724946,4.37332876242715,8.02801150457729,11.3926897087083,3.36467820413098,13.8180779339504,23.3776711233002,9.55959318934979,13.5833988589186,20.8868091703082,7.30341031138958,15.9126956919209,25.5726202719689,9.659924580048,15.7494138185676,23.1531012206666,7.40368740209899
"207011153",6.68119157027412,10.4253684043733,3.74417683409919,6.49940221274684,9.58665302459234,3.0872508118455,10.3323562034543,18.2477420377119,7.91538583425764,10.2904064325621,16.8740093398532,6.58360290729114,10.9075423863096,19.0455553794961,8.1380129931865,11.00258917521,17.9302647073702,6.92767553216023
"207011154",6.63034257748776,12.7566068515498,6.12626427406199,6.49012649650568,11.5077518901724,5.01762539366672,10.5725938009788,23.5611745513866,12.9885807504078,10.4968868258532,21.1384955473203,10.6416087214671,11.1429037520392,24.5021207177814,13.3592169657423,11.238879654093,22.4571001751521,11.218220521059
"207011155",7.36528772208963,12.763723150358,5.39843542826836,7.101208753692,11.1264989636521,4.02529020996008,11.5856536727658,23.3743038981702,11.7886502254044,11.4096507546823,20.2584774459414,8.84882669125918,12.1603023070804,24.2684964200477,12.1081941129674,12.1207361069134,21.4439158544106,9.32317974749716
"207021156",5.95047301057318,11.3309219068818,5.38044889630866,5.80397652593431,10.2754696108736,4.47149308493933,8.98961231682434,20.3279539974031,11.3383416805787,8.89700915162194,18.4473685703477,9.55035941872579,9.15841216842886,20.6941198293452,11.5357076609163,9.11056562020981,19.0397342894106,9.92916866920081
"207021157",5.36384102519699,9.67512338730626,4.31128236210927,5.32662465629464,8.92392919971523,3.59730454342059,8.32219239761018,17.0073599445839,8.68516754697376,8.45355492700523,15.7489765107057,7.29542158370045,8.7700233786475,17.6055069703005,8.83548359165296,9.01630002286211,16.5118295954663,7.49552957260421
"207021159",4.27628649993453,5.99017938981275,1.71389288987822,4.224894323995,5.82376221376502,1.59886788977002,6.99227445331937,9.87966478983894,2.88739033651958,6.89860261056185,9.64054871965266,2.74194610909081,7.36467199161975,10.3892889878224,3.0246169962027,7.3530736753727,10.1964477803564,2.84337410498368
"207021160",4.704,9.50964705882353,4.80564705882353,4.75025309660577,8.90391939249871,4.15366629589295,6.50211764705882,16.7016470588235,10.1995294117647,6.93622932645557,15.8097590876046,8.87352976114905,6.67937254901961,17.0018823529412,10.3225098039216,7.12366744256825,16.197452814258,9.07378537168971
"207021424",4.73687549563838,6.6283901665345,1.89151467089611,4.8685156145938,6.53707740230188,1.66856178770808,7.69960348929421,10.8727993655829,3.17319587628866,7.97138035936831,10.7967843301304,2.82540397076204,7.90642347343378,11.0932593180016,3.1868358445678,8.21945355597582,11.1251174820988,2.90566392612296
"207021425",7.47241992882562,12.0551601423488,4.58274021352313,7.07138312078227,10.7648678241492,3.69348470336688,12.7535587188612,21.8959074733096,9.1423487544484,12.208924216645,19.6163975692344,7.40747335258941,13.5636756481952,22.8554905948144,9.29181494661922,13.1344696838446,20.8229495942706,7.68847991042606
"207031161",6.35483253588517,11.7158851674641,5.36105263157895,6.22446131497736,10.6713463764241,4.44688506144675,10.4042105263158,21.1687081339713,10.7644976076555,10.4482783338259,19.3207772008169,8.87249886699099,11.3552153110048,22.2791387559809,10.9239234449761,11.565298885603,20.6661429545253,9.10084406892229
"207031162",5.56555960837013,12.3390286043386,6.77346899596852,5.59958621119731,11.0853133076002,5.48572709640285,8.58859665962757,22.7116529084277,14.1230562488002,8.93357160838658,20.393649805153,11.4600781967664,8.90727586868881,23.3774236897677,14.4701478210789,9.30251838005292,21.2272754473921,11.9247570673392
"207031163",7.3178208386277,11.4465533672173,4.12873252858958,7.16416843784981,10.4326221659056,3.26845372805577,13.0103240152478,20.741581956798,7.73125794155019,12.7880229630978,18.8898319523064,6.10180898920865,13.8915184243964,21.7843074968234,7.89278907242694,13.6794693894878,20.0538308836302,6.37436149414237
"207031164",5.21565949698418,11.803914874246,6.58825537726186,5.15602564987679,10.7575809596487,5.60155530977188,7.50756799817913,21.1903949015591,13.68282690338,7.66240950299172,19.3061434340377,11.643733931046,7.75019915784682,21.4865141686582,13.7363150108114,7.97299116743039,19.7267511479144,11.753759980484
"207031165",6.58993128174485,13.081266806095,6.49133552435016,6.34979306710859,11.7321171674995,5.38232410039086,10.881386316104,24.1834478637586,13.3020615476546,10.665404668433,21.5957278019558,10.9303231335229,11.352853301464,24.800119510009,13.447266208545,11.3133181264311,22.5664948767822,11.253176750351
"207031166",5.35852297123229,11.837483898669,6.47896092743667,5.3535601725941,10.5650274234537,5.21146725085964,9.20717045942465,21.7924001717475,12.5852297123229,9.19720931648825,19.4386114400647,10.2414021235764,9.24838986689566,22.0560326320309,12.8076427651352,9.27987149440505,20.0469379784012,10.7670664839962
"207031167",5.93030665073676,10.0933890880127,4.16308243727599,5.9373759329437,9.38244667019704,3.44507073725334,9.45340501792115,17.4814814814815,8.02807646356033,9.64684833022722,16.4780731975727,6.83122486734547,9.9010354440462,18.0760653126245,8.17502986857826,10.2199598827827,17.2405266348956,7.02056675211288
"208011168",7.38150821686377,11.2087236983566,3.82721548149286,7.22759187334976,10.3400336000428,3.11244172669308,12.9044693595454,19.8282905851636,6.92382122561818,12.7890325354191,18.3712997265023,5.58226719108318,13.8456458301336,20.9368760559054,7.09123022577177,13.79156273366,19.6236982668009,5.83213553314088
"208011169",8.18569844789357,12.4345898004435,4.24889135254989,7.7962433719868,11.1808074266768,3.38456405468995,15.3357617991764,22.9229490022173,7.58718720304086,14.6166427522491,20.6795637152326,6.06292096298349,16.654735508394,24.4275419702249,7.77280646183085,16.0188234302139,22.3589594009453,6.34013597073147
"208011170",6.05422747861097,11.0167337695018,4.96250629089079,6.01181229706962,10.0104401072817,3.99862781021213,10.7596879718168,19.9045042778057,9.14481630598893,10.8565215975348,18.0830822837075,7.22656068617265,10.9159536990438,20.2832159033719,9.36726220432813,11.1186734224323,18.7509912936408,7.63231787120845
"208011171",7.84955054407822,12.4450402144772,4.59548967039899,7.69636499106191,11.1947623725229,3.49839738146101,14.606371234821,22.8146979971613,8.20832676234033,14.2857584375023,20.476675202468,6.19091676496563,15.1810439993692,23.8747831572307,8.69373915786153,14.9363898521456,21.6955355056553,6.75914565350972
"208011172",6.33064783136519,10.6391126807196,4.30846484935438,6.30591976842918,9.83775801198051,3.53183824355133,10.6292903653018,18.6736563293235,8.04436596402163,10.7793833179105,17.3831748864865,6.60379156857597,11.5353713718133,19.649266085421,8.11389471360777,11.7002275463769,18.4759989715839,6.77577142520695
"208011173",7.81236179846267,10.8378435295356,3.02548173107297,7.51319841518402,10.0146377251365,2.50143930995245,13.5513319995788,18.9008107823523,5.34947878277351,13.2519094964621,17.6402353774041,4.38832588094204,14.8239444034958,20.2587132778772,5.43476887438138,14.5695062414283,19.0593024392612,4.48979619783289
"208021174",7.64941860465116,12.7625415282392,5.11312292358804,7.41656860219955,11.3577004104064,3.94113180820681,13.7549003322259,23.5431063122924,9.78820598006645,13.4602271723243,20.8973785525674,7.43715138024307,15.2128737541528,25.1821428571429,9.96926910299003,15.0506746683258,22.750683607474,7.70000893914821
"208021176",7.96149315937302,12.4667935127299,4.50530035335689,7.729064187827,11.1727945980934,3.44373041026636,15.2027724925251,23.1230406813446,7.92026818881943,14.646367119969,20.5926290861093,5.94626196614036,16.4219443689408,24.5330252786083,8.11108090966748,15.9077430929838,22.1024460811511,6.19470298816733
"208021177",6.26848215065026,11.5539844636467,5.28550231299642,6.07740122792735,10.3672965272047,4.28989529927738,9.38884524744697,20.8992755520642,11.5104303046173,9.36157748174088,18.7758181294381,9.41424064769722,9.93994937592738,21.7553460766344,11.815396700707,10.006092095049,19.8587703473712,9.85267825232223
"208021178",6.69929992221358,12.5358373152573,5.83653739304367,6.57901881310137,11.233022467236,4.65400365413461,12.03567063007,23.0583398155351,11.0226691854651,11.863248321121,20.6294365303851,8.76618820926401,12.7095232803645,24.0106678519836,11.3011445716191,12.6730093563865,21.8458710607473,9.17286170436085
"208021179",9.61645768025078,11.8059561128527,2.18949843260188,9.12482470381284,10.804235544052,1.67941084023917,17.4264890282132,21.2409090909091,3.81442006269593,16.5491270210139,19.5051001784889,2.955973157475,18.7462382445141,22.9543887147335,4.20815047021944,18.0078060751931,21.3552331513162,3.34742707612316
"208021180",8.17888227210261,13.2027027027027,5.02382043060009,7.71227594103107,11.6423412873979,3.93006534636679,12.792258360055,24.6436097114063,11.8513513513513,12.3258876563771,21.6381488983419,9.3122612419648,13.7950068712781,25.8240952817224,12.0290884104443,13.4470512907653,23.1178909081285,9.67083961736316
"208021181",7.29494949494949,12.6034343434343,5.30848484848485,7.2549309031729,11.0780941994223,3.82316329624935,12.6329292929293,23.0872727272727,10.4543434343434,12.6399886688651,20.2363331477425,7.59634447887743,13.6220202020202,24.2387878787879,10.6167676767677,13.7589571424158,21.6349584277663,7.87600128535055
"208021182",8.29404341241797,13.1451287228672,4.85108531044927,7.89997508836985,11.7419377278594,3.84196263948951,15.7446996466431,24.2299343765775,8.48523472993438,14.9999802141784,21.6876866679451,6.68770645376661,16.8759464916709,25.5911155981827,8.71516910651186,16.217471401656,23.2832023834121,7.06573098175614
"208021426",5.87059463872636,12.363450809634,6.49285617090761,5.7263874701514,10.9493493237271,5.22296185357568,9.81317186011702,22.597088039189,12.783916179072,9.75263466951827,20.0232249734207,10.2705903039025,10.0738876037556,23.2616682541842,13.1877806504286,10.0714284287201,20.922658854619,10.8512304258989
"208021427",6.35650540159699,12.3359949898231,5.97948958822608,6.2249369887439,11.0795023096544,4.85456532091047,11.2854235165179,22.5046187568499,11.2191952403319,11.1862749744729,20.1610487468775,8.97477377240463,11.6586816971974,23.0491623610459,11.3904806638484,11.6615674671332,20.8413693078828,9.17980184074959
"208031183",4.47118447726615,5.91080220098465,1.4396177237185,4.27422392420865,5.5958863042547,1.32166238004605,7.54213727193745,9.85722560092673,2.31508832898928,7.34915536583972,9.43892098802184,2.08976562218212,7.54213727193745,9.92499275991891,2.38285548798147,7.3491625957362,9.55714336908784,2.20798077335164
"208031185",5.94260162601626,7.47853658536585,1.53593495934959,5.74422446277022,7.13875866351868,1.39453420074846,10.0751219512195,12.170243902439,2.09512195121951,9.90268698308855,11.8726666793251,1.96997969623652,10.1886178861789,12.5126829268293,2.3240650406504,10.0649455132089,12.2985539344262,2.2336084212173
"208031186",5.53864814202227,9.50953798654758,3.97088984452531,5.54350924696292,8.94475489359829,3.40124564663537,8.70669313044437,16.669533575918,7.96284044547359,8.88758771949574,15.7942810645681,6.9066933450724,9.42893373029,17.5351196383284,8.10618590803837,9.62529113421221,16.75066934689,7.12537821267782
"208031187",5.97235844850646,8.92465448060633,2.95229603209987,5.76845022483397,8.35463202983441,2.58618180500045,11.2817654926438,16.0713330361123,4.78956754346857,10.9310550619482,15.0751337929356,4.14407873098733,11.8872046366473,16.778421756576,4.89121711992867,11.6743457571777,15.9456138097748,4.27126805259717
"208031188",7.1009805472086,11.2642732879962,4.1632927407876,6.88729116074005,10.1615505594334,3.27425939869336,13.1414676577574,20.3180452316938,7.17657757393642,12.7227226259958,18.4026319442186,5.67990931822277,13.5776530128104,20.9160208761664,7.338367863356,13.290021776227,19.2209394118273,5.93091763560034
"208031189",6.23580848623853,9.71459288990826,3.47878440366973,6.07763162298848,8.98312078456343,2.90548916157495,10.9387901376147,17.0377006880734,6.09891055045871,10.7761941744087,15.8097140710607,5.03351989665208,11.3582282110092,17.635751146789,6.27752293577982,11.30176712816,16.5833076157652,5.28154048760513
"208031190",7.02388395648368,11.4788045517069,4.45492059522321,6.88907220515214,10.4520567040143,3.56298449886217,13.0012504689258,20.9872452169564,7.98599474803051,12.7483476530927,19.0960663544618,6.3477187013691,13.6204826810054,21.7700387645367,8.14955608353132,13.4946527576803,20.0938047618576,6.59915200417738
"208031191",5.36595852301467,10.5986342943854,5.23267577137076,5.36115918127762,9.81226155347102,4.4511023721934,8.71471927162367,18.6421345472939,9.92741527567021,8.86738240345757,17.4183346545492,8.55095225109165,9.15882650480526,19.0892766818412,9.93045017703591,9.33417688033389,17.9211616400579,8.58698475972398
"208031193",7.31942243352703,11.1260785349533,3.80665610142631,7.11315401560476,10.1069523788287,2.99379836322397,12.4856488818454,20.0285261489699,7.54287726712449,12.3348988906493,18.2515185551292,5.91661966447996,13.3770029934848,21.1230850501849,7.74608205670012,13.3417188666736,19.5830085381127,6.24128967143907
"208041194",7.01843394503031,12.8841650751474,5.86573113011708,6.78098352239965,11.5635449278853,4.78256140548567,11.6777381051233,23.8091007224114,12.131362617288,11.4232677418383,21.4177595982359,9.99449185639759,13.1454787013203,25.470480777215,12.3250020758947,12.931225138814,23.1758704249599,10.2446452861458
"208041195",7.12984792585261,12.8682623953928,5.73841446954018,6.86304561778382,11.3703543829928,4.50730876520902,13.2875011248088,23.8206604877171,10.5331593629083,12.7113508164232,20.9372894232808,8.22593860685758,14.2834518131918,25.2303608386574,10.9469090254657,13.809798140637,22.5695408683576,8.75974272772058
"209011196",6.08337396392004,8.61921014139444,2.5358361774744,5.89592926778228,8.1182162647948,2.22228699701252,10.7801072647489,14.4982935153584,3.71818625060946,10.6518154840913,13.9443079876015,3.29249250351018,10.8586055582643,14.7011214041931,3.84251584592881,10.8096730932415,14.3161008766082,3.5064277833667
"209011197",5.81541710665259,8.77074973600845,2.95533262935586,5.60124330941172,8.1617174853304,2.56047417591869,9.14445617740232,14.9862724392819,5.84181626187962,8.96359946381689,14.0609128758849,5.09731341206801,9.35564941921858,15.2479408658923,5.89229144667371,9.21827479397743,14.423938304681,5.20566351070355
"209011198",6.96808249447582,11.8498649643997,4.88178246992389,6.7243738263305,10.7310768743079,4.00670304797739,12.1470660446845,21.6368769948441,9.48981095015959,11.8810232291786,19.5620529176056,7.681029688427,13.1743186840167,22.7451509943531,9.57083231033636,12.954420083054,20.806261371881,7.85184128882693
"209011199",5.75214213709677,12.3610131048387,6.60887096774194,5.64906538803697,10.9602968584808,5.31123147044386,9.57472278225806,22.4861391129032,12.9114163306452,9.63841637477578,19.8884776068744,10.2500612320987,9.94392641129032,23.0481350806452,13.1042086693548,10.1243069802964,20.7319878395048,10.6076808592084
"209011200",6.42426098943177,11.9457803645275,5.52151937509573,6.28633163099962,10.6971552446946,4.41082361369502,9.70807168019605,21.6950528411702,11.9869811609741,9.68371207456393,19.3186410891412,9.63492901457731,10.5293306785113,22.6789707459029,12.1496400673916,10.570594342578,20.4375074434251,9.86691310084713
"209011201",6.61562338334196,10.9446456285566,4.32902224521469,6.37015603431257,10.0325335187975,3.66237748448491,12.0168132436627,19.6999482669426,7.68313502327988,11.618713243782,18.1656172294448,6.54690398566278,12.9418003103983,20.7765131919296,7.8347128815313,12.6365615162618,19.370810581042,6.73424906478018
"209011202",6.59493362562416,10.1198392400438,3.52490561441968,6.31256530580241,9.2380628355082,2.9254975297058,11.3445378151261,18.1114358786993,6.76689806357326,11.0265882931482,16.5894659762493,5.56287768310109,11.803190841554,18.6261113140909,6.82292047253684,11.5924639678172,17.2329323015652,5.640468333748
"209011203",5.01482799525504,7.54602609727165,2.53119810201661,4.99498291564419,7.30206154861222,2.30707863296803,7.10474495848161,12.4902728351127,5.38552787663108,7.35876492691663,12.2938435603779,4.9350786334613,7.25349940688019,12.7075919335706,5.45409252669039,7.54214522592034,12.5792673786434,5.03712215272306
"209011204",6.67472735893789,8.27453769559033,1.59981033665244,6.34028003425592,7.71531035938959,1.37503032513367,11.7572309151257,14.1330014224751,2.37577050734946,11.2276879465618,13.2461276971911,2.0184397506293,12.0521574205785,14.567804646752,2.51564722617354,11.590924602768,13.7771426945434,2.1862180917754
"209021205",6.14320029563932,7.53178122690318,1.38858093126386,5.98011666891907,7.27434380152799,1.29422713260892,11.1456023651146,13.2858462675536,2.14024390243902,10.8531474184852,12.890106433886,2.03695901540077,11.4992609016999,13.7237620103474,2.22450110864745,11.2930837700016,13.4246625991312,2.1315788291296
"209021207",6.11700158646219,12.1215626652565,6.00456107879429,6.06869328476776,10.8214757643839,4.75278247961609,10.0252511898466,21.8369249074564,11.8116737176097,10.2584470109882,19.5111408712933,9.25269386030514,10.2815970386039,22.3512030671602,12.0696060285563,10.5636224808358,20.2683467952151,9.70472431437934
"209021208",6.3889491695184,11.8621150154411,5.47316584592271,6.30559155434469,10.7462324671465,4.44064091280186,10.7320757866622,21.6784909439947,10.9464151573324,10.8148670564861,19.601398765327,8.7865317088409,11.0270428177948,22.1622569067691,11.1352140889742,11.200042867423,20.3234129380007,9.12337007057771
"209021428",8.93350515463917,13.125,4.19149484536083,8.50824979104618,11.7658304295613,3.2575806385151,15.3827319587629,24.1820446735395,8.79931271477663,14.8027823044629,21.7035802716963,6.90079796723334,17.4871993127148,26.460910652921,8.97371134020619,16.9059605479582,24.0370973435275,7.13113679556927
"209021429",8.37108543630283,13.2075098814229,4.8364244451201,7.92249957332714,11.659760593186,3.73726101985885,16.0681058072362,24.3757981149285,8.30769230769231,15.1037246835671,21.4997577758963,6.39603309232921,16.5399817573731,25.1617512921861,8.62176953481301,15.8147338797378,22.7489591621829,6.93422528244508
"209031209",4.05001048437828,5.65202348500734,1.60201300062906,4.12944605041388,5.64713206585691,1.51768601544303,6.25833508072971,9.36181589431747,3.10348081358775,6.49088988834109,9.4266802438646,2.93579035552351,6.53931641853638,9.66020130006291,3.12088488152653,6.81422318130685,9.78943374095904,2.9752105596522
"209031210",4.82357658380112,4.82357658380112,0,4.72414907308998,4.72414907309077,7.89590615113411e-13,9.20368885324779,9.20368885324779,0,9.07425456049308,9.07425456049387,7.88702436693711e-13,10.6038492381716,10.6038492381716,0,10.3446803921848,10.3446803921856,7.88702436693711e-13
"209031211",1.45324347093513,1.45324347093513,0,1.4793051546828,1.4793051546828,0,2.51727042965459,2.51727042965459,0,2.59384367212481,2.59384367212481,0,2.70429654591407,2.70429654591407,0,2.78660906500723,2.78660906500723,0
"209031212",4.98630136986301,4.98630136986301,0,4.54619513791149,4.54619513791149,0,6.95890410958904,6.95890410958904,0,6.31700606031357,6.31700606031357,0,6.95890410958904,6.95890410958904,0,6.31700606200725,6.31700606200725,0
"209031213",3.3514621481279,5.01093194861984,1.65946980049194,3.36199730500971,4.84792895841397,1.48593165340426,5.15933315113419,8.43399836020771,3.27466520907352,5.24962420668653,8.19058334753016,2.94095914084363,5.25990707843673,8.53457228751025,3.27466520907352,5.39003494495395,8.33563326696036,2.94559832200641
"209031214",4.06742738589212,4.86047717842324,0.793049792531121,3.9964867193754,4.83482754983558,0.838340830460177,7.01711618257261,8.11358921161826,1.09647302904564,6.95300247837197,8.15313450785088,1.20013202947891,7.22458506224066,8.32105809128631,1.09647302904564,7.21200278916493,8.41213481865019,1.20013202948526
"209031215",3.97374051740906,5.20560202295273,1.23186150554367,4.04729268362213,5.21715558217292,1.16986289855079,6.20268430266485,8.16300330674966,1.96031900408481,6.47427049212037,8.33443172959921,1.86016123747884,6.74965959929975,8.78895156584322,2.03929196654347,7.03995430737287,8.97682958343623,1.93687527606336
"209041216",4.33603107801878,6.20880543865329,1.87277436063451,4.19388036988396,5.80042825178115,1.60654788189719,7.8459048235675,10.6626740045322,2.81676918096471,7.52265044557925,9.9349147414202,2.41226429584095,9.00744577533182,11.8397539656847,2.83230819035287,8.68956877317036,11.1667541996249,2.47718542645453
"209041217",5.84091698506426,6.82459187217784,0.983674887113581,5.725757935325,6.61037536374639,0.88461742842139,9.84508509899271,11.41611670719,1.57103160819729,9.83500852155994,11.20410066406,1.36909214250003,10.1715873567211,11.791941646405,1.62035428968392,10.2359006275596,11.6641661554116,1.42826552785208
"209041219",5.86349479110729,10.0454301363978,4.18193534529052,5.77983218803796,9.17780136097952,3.39796917294157,9.72172698958221,18.1136290409193,8.39190205133713,9.68580298304733,16.5592558373316,6.87345285428427,9.88690795832886,18.5320588551176,8.64515089678875,9.88221411035296,17.1143914631774,7.23217735282439
"209041220",4.55373969375736,7.5170789163722,2.96333922261484,4.64426403936689,7.24325867689539,2.5989946375285,7.17152532391048,12.6298586572438,5.45833333333333,7.45891410152945,12.3534443546179,4.89453025308845,7.22865135453475,12.7623674911661,5.53371613663133,7.55353292130604,12.5973870172835,5.0438540959775
"209041221",5.11535106846925,8.23484518098561,3.11949411251635,5.07382799456017,7.81813757983645,2.74430958527628,7.41255996511121,14.5782817269952,7.16572176188399,7.59762629560765,13.8584341888869,6.26080789327927,7.43305713039686,14.6310510248583,7.1979938944614,7.63734559520311,13.9875525215363,6.35020692633319
"209041223",6.34149130832571,9.20128087831656,2.85978956999085,6.19731581213222,8.49597898894081,2.29866317680859,11.6614821591949,16.2351326623971,4.57365050320219,11.3442589067812,15.0463845087233,3.70212560194214,11.7031107044831,16.3618481244282,4.6587374199451,11.4429075377209,15.3500460906214,3.9071385529005
"209041224",2.28302578516437,2.69901014297935,0.415984357814982,2.29691061135175,2.65371324200944,0.356802630657695,3.63277526579494,4.32335329341317,0.690578027618233,3.6871495181383,4.29360264194887,0.606453123810567,3.76768911157277,4.47366491506782,0.705975803495051,3.86006722342023,4.48238200565572,0.622314782235491
"209041225",4.67334669338677,5.40961923847695,0.736272545090181,4.54584397073271,5.16761234227292,0.62176837154021,8.05490981963928,9.14108216432866,1.08617234468938,7.82857570371112,8.71035522821868,0.88177952450756,8.69218436873748,9.83046092184369,1.13827655310621,8.47562594900421,9.43204053753918,0.956414588534971
"209041430",4.3314922675236,5.47107852982527,1.13958626230167,4.37928778069819,5.48442790545295,1.10514012475475,6.02118899377385,8.60222936332597,2.58104036955212,6.28327767393003,8.78985025117382,2.50657257724378,6.30156657963447,8.92297650130548,2.62140992167102,6.59101753651566,9.13505725381765,2.54403971730198
"209041431",4.92725509214355,7.72007759456838,2.79282250242483,4.86161240668702,7.25718117683764,2.39556877015062,7.55945683802134,13.0335596508244,5.4741028128031,7.54849556677198,12.3461756522559,4.7976800854839,7.55945683802134,13.0735208535403,5.51406401551891,7.55040520275562,12.4151360304039,4.86473082764824
"209041432",6.24254361283061,9.8556555993247,3.61311198649409,6.0310992212626,9.01829815360121,2.98719893233861,10.9552616769837,17.0123804164322,6.05711873944851,10.6598052666745,15.6756792354388,5.01587396876434,11.1510973550929,17.2571750140687,6.1060776589758,10.885992496135,16.0340292724148,5.14803677627984
"209041433",5.28113957597173,6.30764134275618,1.02650176678445,5.31230363322247,6.28895294561869,0.976649312396226,8.07707597173145,10.148851590106,2.07177561837456,8.30032958702819,10.286631664217,1.98630207718883,8.1892667844523,10.3820671378092,2.19280035335689,8.47015057692097,10.6171833485322,2.14703277161125
"209041434",4.78273045507585,5.96604434072345,1.18331388564761,4.84283692070536,5.88533052416237,1.04249360345701,6.99194865810968,9.66779463243874,2.67584597432906,7.30940778198019,9.72896250979344,2.41955472781325,7.04772462077013,9.82018669778296,2.77246207701284,7.38796695773781,9.95639199806202,2.5684250403242
"209041435",3.41723908708176,4.26722800797696,0.849988920895191,3.400447160413,4.2849274159608,0.884480255547791,4.74518058940838,6.23975182805229,1.49457123864392,4.8829742461146,6.42906862334333,1.54609437722873,4.74518058940838,6.23975182805229,1.49457123864392,4.88443332250014,6.43052769972887,1.54609437722873
"209041436",4.55268902560032,4.71383210954555,0.161143083945228,4.51468489035759,4.69791997607515,0.183235085717557,5.91248263544354,6.17920222266323,0.266719587219686,6.0367302010335,6.37251507981504,0.335784878781544,6.02361579678508,6.29033538400476,0.266719587219686,6.18799488606898,6.52377977290751,0.33578488683853
"209041437",2.41885714285714,2.883,0.464142857142857,2.51994756297356,2.95962176317503,0.439674200201476,2.87514285714286,3.68,0.804857142857143,3.1154638299671,3.90517335309186,0.789709523124757,2.92342857142857,3.73,0.806571428571428,3.18862712281578,3.98615324874413,0.797526125928359
"210011226",6.82174810736407,10.1993576508373,3.37760954347327,6.72908895885731,9.34172036971179,2.61263141085448,12.0656113787566,17.8153246157376,5.74971323698096,11.8754587109111,16.3948884796411,4.51942976872992,12.140857994953,18.1878871300757,6.04702913512273,11.9969151343527,17.0274781236641,5.03056298931145
"210011228",4.62837837837838,7.43162162162162,2.80324324324324,4.54516418910739,7.30157146892236,2.75640727981497,6.65189189189189,12.4456756756757,5.79378378378378,6.61634589742762,12.3268814267021,5.71053552927447,6.84918918918919,12.7786486486486,5.92945945945946,6.8569757086781,12.7055790832936,5.84860337461548
"210011229",5.84559322033898,8.51389830508475,2.66830508474576,5.7672599563165,8.07168979284561,2.30442983652911,9.47093220338983,14.8025423728814,5.33161016949153,9.53956586734023,14.1014976993887,4.5619318320485,9.63076271186441,15.0998305084746,5.46906779661017,9.7284011983435,14.523994098888,4.79559290054445
"210011230",4.66197564276049,7.24817320703654,2.58619756427605,4.65542733189517,7.00942451345508,2.35399718155991,7.73883626522327,12.6709066305819,4.93207036535859,7.99264171140466,12.344665602435,4.3520238910303,8.52313937753721,13.5694181326116,5.04627875507443,8.81938878582133,13.2834968354593,4.46410804963794
"210011231",5.98014653746159,9.52800756322382,3.54786102576223,5.77048319060907,8.69912337007908,2.92864017947,9.53604348853699,16.6060033089104,7.06995982037344,9.39724031751253,15.1850499638735,5.78780964636097,9.70999763649255,17.02623493264,7.31623729614748,9.65609155231709,15.8054713134452,6.14937976112812
"210021232",2.63523347483323,2.63523347483323,0,2.59046890606843,2.59046890606888,4.57855975355415e-13,4.03426318981201,4.03426318981201,0,4.04468224772388,4.04468224772471,8.26005930321116e-13,4.40903577926016,4.40903577926016,0,4.4310395251078,4.43103952510862,8.26005930321116e-13
"210021233",2.95022624434389,2.95022624434389,0,2.92680773932442,2.92680773932442,0,3.71266968325792,3.71266968325792,0,3.72748833227741,3.72748833227741,0,3.97285067873303,3.97285067873303,0,4.00340983926829,4.00340983926829,0
"210021234",3.14436424208773,3.14436424208773,0,3.13884346452418,3.13884346452418,0,5.58578567462521,5.58578567462521,0,5.58809881425991,5.58809881425991,0,6.08217656857301,6.08217656857301,0,6.1147967900798,6.1147967900798,0
"210021235",4.09456193353474,4.09456193353474,0,4.08663778116746,4.08663778116746,0,7.802416918429,7.802416918429,0,7.75275816639266,7.75275816639266,0,8.61087613293051,8.61087613293051,0,8.58478373372508,8.58478373372508,0
"210031236",6.548087141339,12.7258235919235,6.17773645058449,6.27681211885695,11.4436614972355,5.16684937837859,10.5154091392136,23.048087141339,12.5326780021254,10.2099632498809,20.7314811618858,10.521517912005,10.9202975557917,23.6671094580234,12.7468119022317,10.6712538422343,21.529683557423,10.8584297151886
"210031237",6.64919821458092,12.3493139361878,5.70011572160688,6.45524315304425,11.0831249087825,4.62788175573827,11.7394610679451,22.7118531988758,10.9723921309307,11.5265422023636,20.3702457971358,8.84370359477216,11.9795007439246,23.2091254752852,11.2296247313606,11.8289112052226,21.1235285867368,9.29461738151422
"210031239",6.22049501961968,12.4955478418352,6.27505282221552,6.0898702663008,11.1274356421943,5.03756537589347,10.6075309387262,22.8091608813764,12.2016299426502,10.503806768941,20.3574902720421,9.85368350310107,10.9647600362209,23.3515695744039,12.3868095381829,10.962506230192,21.1626136713674,10.2001074411755
"210031438",6.43586265366681,11.5976261127596,5.16176345909284,6.30037921165831,10.4849702779622,4.18459106630385,9.92293344637558,20.7830436625689,10.8601102161933,9.91681363968234,18.8707852699805,8.95397163029817,10.2781687155574,21.3051292920729,11.0269605765155,10.3671122325841,19.5560605221223,9.1889482895382
"210031439",4.12481315396114,9.98953662182362,5.86472346786248,4.04448420668678,9.1602689409587,5.11578473427193,5.33707025411061,16.8781763826607,11.5411061285501,5.24484015018241,15.8045781442444,10.559737994062,5.33707025411061,16.8811659192825,11.5440956651719,5.24720133785686,15.8245858115548,10.5773844736979
"210031440",5.54930999663413,12.691349713901,7.14203971726691,5.56555022463424,11.3504501737036,5.7848999490694,7.8296869740828,23.4705486368226,15.6408616627398,8.15666122374818,20.9813556200217,12.8246943962735,8.04173678895995,23.9794681925278,15.9377314035678,8.39232726586544,21.8021622852462,13.4098350193808
"210041240",2.8141086749285,3.41429933269781,0.600190657769304,2.8275888463239,3.43716951511526,0.609580668791358,3.60514775977121,5.10333651096282,1.49818875119161,3.68850124362225,5.2102955097185,1.52179426609625,3.62573879885605,5.17273593898951,1.54699714013346,3.71590420157763,5.30311539477933,1.5872111932017
"210041241",4.51706484641638,6.68274899162271,2.16568414520633,4.43475226144282,6.35317937017808,1.91842710873526,7.51683214396525,11.1418709277071,3.62503878374186,7.44017808654561,10.6476033970922,3.2074253105466,7.83392801737512,11.4969748681353,3.66304685076016,7.81784236719113,11.07488838917,3.2570460219789
"210051242",7.47404617651875,10.2443098084166,2.77026363189782,7.17011965260811,9.54426308370704,2.37414343109894,12.8000654986082,18.0068773538562,5.20681185524808,12.3607852383697,16.8651362708174,4.50435103244767,12.8043229081382,18.1709513672834,5.36662845914524,12.4151285304347,17.2127908060916,4.79766227565691
"210051243",6.15120051914341,9.51281635301752,3.36161583387411,5.89460067432896,8.84317750554257,2.94857683121361,10.0863075924724,16.4414341336794,6.35512654120701,9.76436362901297,15.4249293258212,5.66056569680824,10.2527579493835,16.7704412719014,6.51768332251785,9.9811925064082,15.8502702924503,5.8690777860421
"210051245",4.42070600632244,6.8458904109589,2.42518440463646,4.48122578391942,6.65481313499182,2.1735873510724,7.13738145416228,11.9640410958904,4.82665964172813,7.37996603575766,11.6768791029009,4.29691306714322,7.34918335089568,12.288593256059,4.93940990516333,7.63211447529908,12.067741295897,4.43562682059791
"210051246",2.99054607026951,4.13334274022859,1.14279666995908,2.94087745652789,4.06245390726633,1.12157645073844,4.15182728940313,6.39339635953154,2.2415690701284,4.15058815759509,6.37709010475992,2.22650194716482,4.17637928601665,6.4639480739382,2.28756878792155,4.17353242920884,6.47381130613739,2.30027887692855
"210051247",5.24696121937102,7.16284005402277,1.91587883465175,5.25321749534193,6.95569042436587,1.70247292902395,8.32529423114027,11.9261045726413,3.60081034150106,8.61224192726144,11.7404118203176,3.12816989305615,8.34072930735095,12.0179432760949,3.67721396874397,8.63837330684901,11.9260739520072,3.28770064515815
"210051249",4.65330501725511,5.9880541544996,1.33474913724449,4.68751514768594,5.92010881115964,1.2325936634737,7.37032121051234,9.46310061056544,2.09277940005309,7.44197833739292,9.44283893395546,2.00086059656254,7.41943190868065,9.55203079373507,2.13259888505442,7.53271160606031,9.59427927765452,2.06156767159421
"210051250",6.40133037694013,10.3381374722838,3.93680709534368,6.30040856450068,9.47590389109828,3.1754953265976,9.73170731707317,18.7336474501109,9.00194013303769,9.76109690190247,17.1914660763886,7.43036917448617,10.0194013303769,19.214800443459,9.19539911308204,10.1990658890605,17.9327469216427,7.73368103258228
"210051441",5.23977866584691,10.4352905010759,5.19551183522902,5.23387252964328,9.65969292743004,4.42582039778676,7.49031663080234,18.6624654165386,11.1721487857362,7.72831857376039,17.2730666240652,9.54474805030478,7.53827236397172,18.7854288349216,11.2471564709499,7.80492920009991,17.5828763565292,9.77794715642925
"210051442",4.18062704726252,6.06832007487132,1.8876930276088,4.19140388609194,6.01809215769975,1.82668827160782,6.26509124941507,9.35072531586336,3.08563406644829,6.57234603486238,9.59685371162541,3.02450767676304,6.46537201684605,9.57908282639214,3.11371080954609,6.86587634315955,9.94169321525513,3.07581687209558
"210051443",3.47709616930083,4.61384945084383,1.136753281543,3.4651991534859,4.50918674464042,1.04398759115451,5.02705598714171,6.95901419769622,1.93195821055451,5.12246820049752,6.96546230071194,1.84299410021442,5.07768550763461,7.04152156442539,1.96383605679078,5.20311349083559,7.09629066611818,1.89317717528259
"210051444",4.30947136563877,4.99743024963289,0.687958883994126,4.37436396853602,4.96814930009792,0.593785331561904,5.98586637298091,6.91501468428781,0.929148311306902,6.3161919691081,7.10037680482617,0.784184835718068,6.07323788546256,7.01303230543319,0.939794419970631,6.50927470752922,7.32376560120997,0.814490893680755
"210051445",0.906148867313916,0.927184466019418,0.0210355987055016,0.899394235965249,0.93288265508323,0.0334884191179806,0.990291262135922,1.01456310679612,0.0242718446601942,1.01122425573669,1.06120841050959,0.0499841547728994,1.02912621359223,1.05339805825243,0.0242718446601942,1.05951907203663,1.10958328312498,0.0500642110883429
"211011251",5.69934231130598,8.61493892890698,2.915596617601,5.53313611943316,8.00024761050379,2.46711149107063,9.56404635139367,14.4177889132477,4.85374256185406,9.41625412680588,13.5936868555653,4.17743272875938,9.9307860945819,14.9135609145005,4.98277481991857,9.855686701325,14.1928231975701,4.33713649624512
"211011254",4.92577051077992,8.61336998987122,3.6875994790913,4.95510580891558,8.00032807924017,3.0452222703246,8.04948632614672,15.0422514831428,6.99276515699609,8.29221918893872,14.0189943371999,5.72677514826113,8.06974388655766,15.162928664448,7.09318477789032,8.33801650358525,14.2270781012383,5.88906159765303
"211011255",1.89717563989409,1.89717563989409,0,1.9901447120016,1.99126584471475,0.00112113271315595,1.90335392762577,1.90335392762577,0,2.0053878792858,2.00698636376684,0.00159848448103617,1.90335392762577,1.90335392762577,0,2.00538802012876,2.00698656487127,0.00159854474251109
"211011256",4.24068578964721,6.63996043521266,2.39927464556545,4.39714716540059,6.46562582718601,2.06847866178541,7.37157929442796,10.9142762940983,3.54269699967029,7.75674455223002,10.7951933043741,3.03844875214411,7.5443455324761,11.1486976590834,3.60435212660732,7.96053041677202,11.1147247055664,3.15419428879434
"211011257",3.44042179261863,4.29244288224956,0.852021089630932,3.51854962072534,4.28755037792394,0.76900075719861,4.73216168717047,5.73954305799649,1.00738137082601,4.92820290233771,5.86225751611516,0.93405461377745,4.74059753954306,5.77188049209139,1.03128295254833,4.94064290183326,5.92262809486665,0.981985193033391
"211011258",3.58639281129653,4.92528883183569,1.33889602053915,3.64482567169609,4.90666165762702,1.26183598593093,5.82053915275995,7.92220795892169,2.10166880616175,5.9915908132112,8.0588062986742,2.067215485463,6.10962772785623,8.26161745827985,2.15198973042362,6.33511125305693,8.45265252490766,2.11754127185074
"211011259",5.18917560321716,7.50469168900804,2.31551608579088,5.04977342232925,6.98807569564216,1.93830227331291,8.6048927613941,12.4602882037534,3.85539544235925,8.54651223975629,11.735594852563,3.18908261280676,8.671581769437,12.6627010723861,3.99111930294906,8.67588862585834,12.0651362153794,3.38924758952109
"211011260",5.38960674157303,8.01516853932584,2.62556179775281,5.38131714532563,7.54033984259176,2.15902269726612,8.90898876404494,13.2733146067416,4.36432584269663,9.07547868258921,12.7115167193845,3.63603803679534,9.05955056179775,13.5446629213483,4.48511235955056,9.27859118088546,13.0927036779928,3.8141124971073
"211011446",5.23833637722065,7.86966627926283,2.63132990204217,5.26407754658803,7.56007525279586,2.29599770620783,8.52789307653993,13.6060102938735,5.07811721733355,8.66967436349583,13.1549178705695,4.48524350707367,8.99211356466877,14.1514195583596,5.15930599369085,9.20562715901208,13.7706098590193,4.56498270000724
"211011447",5.34741650014274,9.12874678846703,3.78133028832429,5.32209514861933,8.40507086195059,3.08297571333126,8.90493862403654,15.9466171852698,7.04167856123323,8.99244484930517,14.7558744324325,5.76342958312738,9.12532115329717,16.2877533542678,7.1624322009706,9.32547879790185,15.2462134338389,5.92073463593703
"211011448",4.69439648406844,6.8047402291634,2.11034374509496,4.5978904600028,6.52382182096322,1.92593136096042,7.16104222257102,11.0535237796264,3.89248155705541,7.26425809427263,10.8077007137633,3.54344261949071,7.4718254591116,11.4242662062471,3.95244074713546,7.58403387022099,11.188785267241,3.60475139702003
"211011449",3.41657458563536,6.41104972375691,2.99447513812155,3.34588397167974,6.37682154534066,3.03093757366093,3.93480662983425,10.6298342541436,6.69502762430939,4.00051235423064,10.8162293161741,6.81571696194348,4.25966850828729,11.0022099447514,6.74254143646409,4.29988773676363,11.1853964725743,6.88550873581067
"211021261",3.90080502114886,6.5621503615773,2.66134534042844,3.90177929184693,6.24531114873297,2.34353185688604,5.63405648792468,11.3999181334425,5.76586164551781,5.75210962204735,10.8366858140485,5.08457619200115,5.71182971756038,11.5251739664347,5.81334424887433,5.8558161565253,11.0185478649458,5.16273170842049
"211021262",3.60458452722063,5.30436166825852,1.69977714103789,3.56334170082133,5.1639969319835,1.60065523116217,6.04807386182744,9.14613180515759,3.09805794333015,5.98086870220595,8.94883569830617,2.96796699610022,6.46959567016874,9.58802929003502,3.11843361986628,6.45495818152395,9.4449596680941,2.99000148657015
"211031263",3.14061317183952,7.18149129447388,4.04087812263437,3.25990313513348,6.97923072956517,3.71932759443168,4.09651778955337,12.5934897804693,8.49697199091597,4.54138894838226,12.2575661935704,7.71617724518817,4.10446631339894,12.7013626040878,8.59689629068887,4.57325799174596,12.4194628727976,7.84620488105165
"211031265",3.44686157683248,6.19398642095053,2.74712484411805,3.48273154696604,6.00881968289982,2.52608813593378,4.95649161701538,10.0859082721352,5.12941665511986,5.16258761063322,9.90353685682081,4.74094924618759,5.01247055563253,10.2325065816821,5.22003602604961,5.21955657203876,10.0767560846822,4.85719951264343
"211031266",5.91604314449519,10.6703916043144,4.75434845981926,5.8056127316617,9.59488596086905,3.78927322920735,9.62656690311923,18.8912642114469,9.26469730832767,9.62589694807903,17.0420563814594,7.4161594333804,9.84948012826742,19.2925857545428,9.44310562627539,9.93495033747598,17.6495215144426,7.71457117696658
"211031267",5.2351824087956,10.7262368815592,5.49105447276362,5.17481059683357,9.70506703381663,4.53025643698305,8.39340329835082,19.4049975012494,11.0115942028986,8.57425944975401,17.5889104201219,9.01465097036786,8.78520739630185,19.9109445277361,11.1257371314343,9.07993315491476,18.2524747201686,9.17254156525386
"211031268",4.89056507287139,6.82459728969573,1.93403221682434,4.88623731244671,6.76120405604688,1.87496674360017,7.11659422142675,10.6379442597801,3.52135003835336,7.40092040619027,10.9113717808512,3.51045137466094,7.47967271797494,11.130912810023,3.65124009204807,7.80987185318576,11.4713224145719,3.66145056138618
"211031450",5.49147286821705,9.59451401311866,4.10304114490161,5.57543918351714,8.95323292049229,3.37779373697516,9.29564698867024,17.0380441264162,7.74239713774598,9.47868438039847,15.9365625664936,6.45787818609509,9.50268336314848,17.2746571258199,7.77197376267144,9.71971260555368,16.2743054655484,6.55459285999472
"211031451",4.18501883512026,10.2487684729064,6.06374963778615,4.29439970601165,9.33674354657995,5.0423438405683,7.22239930454941,18.6203998840916,11.3980005795422,7.48638787612682,16.8736428990725,9.38725502294569,7.49855114459577,18.9956534337873,11.4971022891915,7.89361603296831,17.440336957517,9.54672092454871
"211031452",4.69169027384325,8.07979225684608,3.38810198300283,4.74648519432294,7.82670046406916,3.08021526974622,9.20018885741265,13.8970727101039,4.69688385269122,9.10953783513527,13.5317012902926,4.42216345515736,9.81775259678942,14.6506137865911,4.8328611898017,9.79298271576001,14.3792495267247,4.5862668109647
"211041269",5.94836852207294,12.2088291746641,6.26046065259117,5.73645680856302,10.789697589214,5.05324078065097,9.91861804222649,22.2982725527831,12.3796545105566,9.76415913753145,19.7063297581501,9.9421706206186,10.2095969289827,22.7243761996161,12.5147792706334,10.2027158777697,20.3975154199927,10.194799542223
"211041270",6.44928400954654,10.4625298329356,4.01324582338902,6.31264630284828,9.67273036588829,3.36008406304001,10.8819809069212,18.6653937947494,7.78341288782816,10.7106879036817,17.2725956861216,6.56190778243987,11.6452267303103,19.5892601431981,7.94403341288783,11.5808212053822,18.3469156538266,6.7660944484444
"211041271",5.29784748873686,11.2581344902386,5.96028700150175,5.37316466510427,10.3087215574528,4.93555689234851,7.81528449858168,20.1413315534791,12.3260470548974,8.20262866010691,18.5047956105821,10.3021669504751,8.33055231102953,20.8598364758885,12.529284164859,8.78716043295606,19.3981976408007,10.6110372078446
"211041272",4.73014535496103,10.5993258900358,5.86918053507478,4.54032780659333,9.45800647910443,4.9176786725111,6.9323783442174,19.3836107014957,12.4512323572783,6.89336938319343,17.2923031403852,10.3989337571918,7.20960606698968,19.7556351379819,12.5460290709922,7.20094758734057,17.7686334908156,10.567685903475
"211041273",4.66319733555371,7.93359700249792,3.27039966694421,4.79523394641693,7.55604877852761,2.76081483211068,6.91215653621982,13.1692339716903,6.25707743547044,7.32465655535293,12.7681840251128,5.44352746975988,7.00291423813489,13.3332639467111,6.33034970857619,7.51324903412955,13.1038058153315,5.59055678120194
"211051274",4.46279069767442,6.38837209302326,1.92558139534884,4.4719882379788,6.25946880969914,1.78748057172034,6.80439276485788,10.9578811369509,4.15348837209302,6.85435415192813,10.818465449416,3.96411129748784,7.02454780361757,11.21834625323,4.1937984496124,7.10628296486453,11.1440797320427,4.03779676717822
"211051275",3.5810267329075,7.66359119943222,4.08256446652472,3.59717611004842,7.18535683584993,3.58818072580151,5.84693636148569,13.3390111189969,7.49207475751124,5.94814684133513,12.5941452523591,6.64599841102398,5.94251242015614,13.6550745209368,7.7125621007807,6.07996591754685,12.9567669516777,6.87680103413089
"211051276",3.42953601108033,4.71312326869806,1.28358725761773,3.53020580899385,4.65168596114214,1.12148015214829,5.7766620498615,7.66222299168975,1.88556094182825,6.01097393031199,7.64167540312585,1.63070147281386,6.42139889196676,8.32704293628809,1.90564404432133,6.69115570789461,8.34829466692043,1.65713895902582
"211051277",4.75716730851519,7.6857081728712,2.92854086435601,4.7966881358414,7.56723995342816,2.77055181758676,7.17394094993582,12.839323919555,5.66538296961917,7.4852331670024,12.8890061667547,5.40377299975231,7.36478391099701,13.1371416345742,5.77235772357723,7.72047388214714,13.2837157071193,5.5632418249722
"211051278",3.65378440366972,4.80470183486239,1.15091743119266,3.6781134833771,4.61827160286457,0.940158119487471,5.69116972477064,7.62866972477064,1.9375,5.86609448483476,7.44118397552469,1.57508949068993,5.8322247706422,7.80504587155963,1.97282110091743,6.06014713486521,7.69153453723334,1.63138740236813
"211051279",4.89771101573677,7.65665236051502,2.75894134477825,4.85728720001577,7.15443125222218,2.29714405220641,9.20386266094421,13.8991416309013,4.69527896995708,9.04682296948238,12.9455130091872,3.89869003970482,10.019313304721,14.8476394849785,4.82832618025751,9.93068782159745,13.950498662576,4.01981084097854
"211051280",4.14393395549174,5.95477386934673,1.81083991385499,4.37706716396483,5.90332636924455,1.52625920527972,6.7745872218234,10.7796123474515,4.00502512562814,7.2285762950853,10.7102314777202,3.4816551826349,7.183776022972,11.1888011486001,4.00502512562814,7.67356202288976,11.1586442282124,3.48508220532266
"211051281",4.03441624365482,6.03593908629442,2.00152284263959,4.0591000618194,5.81951200574784,1.76041194392845,5.73685279187817,9.78345177664975,4.04659898477157,5.95173814434706,9.5474592337314,3.59572108938434,6.02517766497462,10.1306598984772,4.10548223350254,6.24888708947362,9.92529446027301,3.67640737079939
"211051282",2.80403276622558,6.26086956521739,3.45683679899181,2.76604443066629,6.07051494957364,3.30447051890735,4.09955891619408,10.9747952110901,6.87523629489603,4.06703526541919,10.6380826938054,6.57104742838618,4.57676958622138,11.4671287544633,6.89035916824197,4.55085122450914,11.1472661429674,6.59641491845827
"211051283",3.49526066350711,4.27014218009479,0.774881516587678,3.55863722946652,4.21430546425615,0.655668234789634,5.65429173249078,6.73565034228541,1.08135860979463,5.81888938230798,6.71994438127626,0.901054998968283,5.95129015271195,7.0810953133228,1.12980516061085,6.14603851085314,7.09875722783496,0.952718716981825
"211051284",3.81174520483069,6.12218801799668,2.310442813166,3.89567879947432,6.0088215234908,2.11314272401648,5.58205067487568,10.3161259767937,4.73407530191807,5.89738162032025,10.2725552131051,4.37517359278483,6.06227800142079,10.8943878759176,4.8321098744968,6.44823589123938,10.9114037279971,4.46316783675773
"211051285",4.83001893939394,8.12689393939394,3.296875,4.74466040347095,7.80577237226457,3.06111196879362,10.0970643939394,14.7831439393939,4.68607954545454,9.8392772215559,14.2027633239555,4.3634861023996,10.7059659090909,15.5066287878788,4.80066287878788,10.5135448403362,15.029866323157,4.5163214828208
"211051286",3.15122452474739,4.30570303134098,1.1544785065936,3.19042834744566,4.34506331916497,1.15463497171931,5.40212365131016,7.34183935605412,1.93971570474396,5.54009383588911,7.47521432556526,1.93512048967615,5.71176571330707,7.71553348176058,2.0037677684535,5.87871503941471,7.89583218496488,2.01711714555017
"212011287",3.08166356011184,3.3928238583411,0.311160298229264,3.11767795838839,3.38389848960721,0.26622053121882,5.13897949673812,5.62243709226468,0.483457595526561,5.22557328389662,5.63106119668059,0.405487912783968,5.32420782851817,5.82490680335508,0.500698974836906,5.43306233803664,5.86570833010004,0.432645992063399
"212011288",4.54651631091422,7.76359242851389,3.21707611759968,4.49193448226296,7.28564420043141,2.79370971816845,7.66935159081756,13.7354007249295,6.06604913411196,7.61311585012517,12.9856656929935,5.37254984286833,8.15263793797825,14.3161498187676,6.16351188078937,8.16494906323878,13.6482925086599,5.48334344542116
"212011289",3.03950256035113,4.22348207754206,1.18397951719093,3.07571397530734,4.14380650376852,1.06809252846118,5.22183613752743,7.06528895391368,1.84345281638625,5.35085322507653,7.00415403999245,1.65330081491592,5.6739209948793,7.54553767373811,1.87161667885881,5.82445135092538,7.50840971770507,1.68395836677969
"212011290",5.39121068504955,7.6100818612667,2.21887117621715,5.25436235300009,7.14899829413871,1.89463594113862,10.5928479103835,13.638087031452,3.04523912106851,10.2112182514914,12.7497634770553,2.53854522556382,11.4071520896165,14.5997414907368,3.19258940112021,11.146621143367,13.8151909886426,2.66856984527562
"212011291",2.58636558219178,2.98565924657534,0.399293664383562,2.75365949599732,3.20642131441377,0.452761818416452,3.58465325342466,4.27044092465753,0.685787671232877,3.96430213222078,4.73791687108645,0.773614738865667,3.62681934931507,4.32908818493151,0.702268835616438,4.01760517351473,4.81954238293357,0.801937209418845
"212011292",4.68467552775606,6.51946833463643,1.83479280688038,4.73078961036599,6.33513666857264,1.60434705820665,7.87810789679437,11.1791243158718,3.3010164190774,7.97356318788363,10.9838438699171,3.01028068203347,8.30390930414386,11.6372947615324,3.33338545738858,8.44589697847251,11.5009387326678,3.05504175419532
"212021293",4.21504666729518,5.14254737437541,0.92750070708023,4.2904648920771,5.14483426385183,0.854369371774732,6.20835297445083,7.98218157820307,1.77382860375224,6.5198298510985,8.11135588346358,1.59152603236508,6.50042424813802,8.36136513623079,1.86094088809277,6.85488900215889,8.54025671187463,1.68536770971575
"212021294",3.44348012429015,4.82085074466945,1.3773706203793,3.49736591576347,4.72332528752106,1.2259593717576,5.31811850423229,7.44230151076824,2.12418300653595,5.44168208694329,7.36166626163194,1.91998417468865,5.33697632058288,7.56059144969463,2.22361512911175,5.48255662400327,7.54075348627047,2.0581968622672
"212021295",6.7004662004662,11.1936674436674,4.49320124320124,6.47045281189056,10.2768279213228,3.80637510943228,11.9811577311577,20.1015928515929,8.12043512043512,11.7029955573097,18.5508337522412,6.84783819493147,11.9893162393162,20.294289044289,8.30497280497281,11.7228104951179,18.8739708171476,7.15116032202971
"212021297",4.05956964892412,6.20181200453001,2.14224235560589,4.12020444283244,5.95602393184198,1.83581948900954,6.39139297848245,11.077463193658,4.68607021517554,6.63404440394094,10.6428557819085,4.00881137796758,6.55719139297848,11.3488108720272,4.7916194790487,6.84099806372986,10.9867699437191,4.14577187998919
"212021299",1.51485148514851,1.76072607260726,0.245874587458746,1.56523592662169,1.83204766393577,0.266811737314074,2.55280528052805,3.003300330033,0.45049504950495,2.61975453265193,3.10266672876502,0.48291219611309,2.55412541254125,3.01386138613861,0.45973597359736,2.63188805154285,3.1238056661886,0.491917614645758
"212021453",4.42539122768349,5.47630592902799,1.0509147013445,4.4354314154934,5.45646135409407,1.02102993860067,5.72823451620013,7.6625523473661,1.93431783116597,6.06503124191222,7.9681753486877,1.90314410677548,5.73837337447653,7.75821027110425,2.01983689662773,6.08222354056901,8.102399172614,2.020175632045
"212021454",5.48624390243902,6.1289756097561,0.642731707317073,5.45315752918725,6.11959034021032,0.666432811023063,7.53639024390244,8.74536585365854,1.2089756097561,7.76859112361927,9.04192641271191,1.27333528909264,7.5980487804878,8.82263414634146,1.22458536585366,7.84585750577878,9.16294434586032,1.31708684008154
"212021455",3.81575246132208,4.74964838255977,0.933895921237693,3.84583902424637,4.75585489476364,0.910015870517267,5.13361462728551,6.61060880048222,1.47699417319671,5.38365654329547,6.82147429300575,1.43781774971028,5.13361462728551,6.61060880048222,1.47699417319671,5.38438096156882,6.82601149006345,1.44163052849462
"212021456",4.7514261019879,5.29006050129646,0.538634399308557,4.77503905299524,5.23656061360722,0.461521560611979,6.75626620570441,7.45929127052723,0.703025064822818,7.02219356022689,7.6177079458375,0.595514385610604,6.90458081244598,7.62074330164218,0.716162489196197,7.19319916942519,7.81217076694629,0.618971597521099
"212031300",5.00767348754448,8.32406583629893,3.31639234875445,5.01665861308697,7.74721543933053,2.73055682624357,8.90769572953737,14.7283140569395,5.82061832740214,9.00371621182598,13.7736920299187,4.76997581809277,9.1883896797153,15.0786254448399,5.89023576512456,9.35319851374157,14.2669554291266,4.91375691538499
"212031301",2.96469923750353,3.39889861621011,0.43419937870658,3.02161618376322,3.39614149996547,0.374525316202251,4.66033606325897,5.31375317706862,0.653417113809659,4.8210553683772,5.38021603311307,0.559160664735876,4.80210392544479,5.47020615645298,0.66810223100819,4.97596642917574,5.56712728691656,0.59116085774082
"212031302",4.24099126062493,5.42882796600024,1.18783670537531,4.26818041039488,5.41395180561692,1.14577139522204,7.02801388722615,8.77876212139351,1.75074823416736,7.2803923597304,8.96559488775023,1.68520252801983,7.02849275709326,8.86831078654376,1.8398180294505,7.28631215619093,9.0975753303585,1.81126317416757
"212031303",1.3221435170927,1.3221435170927,0,1.36548830938436,1.36551977017629,3.14607919256193e-05,1.46566060979366,1.46566060979366,0,1.5136153698757,1.51365554678638,4.01769106803673e-05,1.46566060979366,1.46566060979366,0,1.51361949888264,1.51365967616839,4.0177285748122e-05
"212031304",3.87814784727864,5.11061467641484,1.2324668291362,3.98525338815495,5.11456009590199,1.12930670774704,5.9465204440834,8.09125372326022,2.14473327917682,6.35808635525695,8.32575253851063,1.96766618325369,6.02937990793393,8.24641213105876,2.21703222312483,6.44732737769399,8.53521578183827,2.08788840414427
"212031305",4.46074756345721,6.38309949662633,1.92235193316911,4.42885883980986,6.24069187789556,1.8118330380857,6.12402270536575,10.1533683195887,4.02934561422298,6.40204323338879,10.2320046107536,3.82996137736479,6.20263467923316,10.2981685766306,4.09553389739745,6.52805466603022,10.4887545417516,3.9606998757214
"212031306",4.49020759890325,6.45906776341559,1.96886016451234,4.47800889062434,6.19872066549194,1.7207117748676,7.74030552291422,10.7645906776342,3.02428515471994,7.78058015041242,10.4098029003317,2.62922274991923,7.91539365452409,11.1523697610654,3.23697610654132,8.04587315821711,10.9516917234689,2.90581856525175
"212031308",4.29578844270323,5.10349330721515,0.807704864511916,4.14167123677821,4.85826481246648,0.716593575688272,7.35455435847209,8.66307541625857,1.30852105778648,7.09107859400677,8.27500004529827,1.1839214512915,7.65687234737186,8.9673522690173,1.31047992164545,7.45709721509856,8.64672029634918,1.18962308125062
"212031457",3.9193585870323,7.34231931210783,3.42296072507553,3.93040533425906,7.16417909598731,3.23377376172825,6.03137346037648,12.482918893795,6.45154543341855,6.18066465099412,12.3577620194927,6.17709736849854,6.17267023007204,12.6883569602603,6.51568673018824,6.33431573880757,12.6036412336605,6.26932549485296
"212031458",4.62833333333333,6.28944444444444,1.66111111111111,4.60550896113279,6.17045705105894,1.56494808992614,7.06462962962963,9.65074074074074,2.58611111111111,7.41116430344615,9.86113737805507,2.44997307460892,7.06462962962963,9.71481481481482,2.65018518518519,7.41573045751752,9.97990062373135,2.56417016621384
"212041309",5.21302744776731,10.3523146251536,5.13928717738632,5.15980372854684,9.4790913062377,4.31928757769086,8.15096272019664,18.637034002458,10.4860712822614,8.22532468890573,17.0911383885645,8.86581369965878,8.15096272019664,18.7742728390004,10.6233101188038,8.24645094605523,17.3706690639036,9.12421811784837
"212041310",5.43529411764706,10.5549803921569,5.1196862745098,5.48017415147845,9.75760849908527,4.27743434760682,8.31058823529412,18.9476078431373,10.6370196078431,8.5587959067112,17.5895189748202,9.03072306810897,8.46494117647059,19.1659607843137,10.7010196078431,8.78344842938447,17.9558996289832,9.17245119959872
"212041311",6.86622864651774,9.80098554533509,2.93475689881735,6.72192408388957,9.05931398821375,2.33738990432418,12.3406044678055,17.4891590013141,5.14855453350854,12.1091828313024,16.2450318126858,4.13584898138344,12.7541392904074,18.0690538764783,5.31491458607096,12.6760158525487,17.0307998415834,4.35478398903471
"212041312",5.63447911158117,8.64019037546272,3.00571126388154,5.51761145440898,8.08364994918244,2.56603849477346,9.28239026969857,15.0834479111581,5.80105764145955,9.1798312160728,14.1844761745401,5.00464495846728,9.40655737704918,15.3787414066631,5.97218402961396,9.34879075164971,14.5732738118717,5.22448306022197
"212041313",5.25658188308791,6.17826863007586,0.921686746987952,5.1820389870189,5.97409733328899,0.792058346270084,8.0392681838465,9.57585899152164,1.53659080767514,8.10174181176568,9.41422867150368,1.31248685973801,8.26863007585899,9.90919232485498,1.64056224899598,8.3484957066617,9.81787638249547,1.46938067583377
"212041314",3.689,5.4202,1.7312,3.76708678174786,5.27875043518916,1.5116636534413,5.6566,8.6916,3.035,5.91823010927346,8.55724867743771,2.63901856816425,5.7426,8.865,3.1224,6.05239622601219,8.80568922077996,2.75329299476777
"212041316",5.3758865248227,10.8426821405545,5.46679561573179,5.21928244347247,9.80647842211358,4.58719597864111,8.2856221792392,18.7430689877498,10.4574468085106,8.30765535310889,17.1828790228816,8.87522366977276,8.31850419084462,18.8765312701483,10.5580270793037,8.37807551276797,17.4684870614614,9.09041154869345
"212041317",6.6956740949884,11.2794191791873,4.58374508419885,6.52752625209395,10.039439926528,3.51191367443409,12.3697690833922,20.6459614802864,8.27619239689422,12.0969702741644,18.3438224084674,6.24685213430292,12.7600080669557,21.2519915296965,8.49198346274075,12.6066545231451,19.2275965472191,6.62094202407397
"212041318",5.44505015263846,8.18643698211949,2.74138682948103,5.40308839708534,7.70666029631431,2.30357189922898,8.8968600087222,14.044265154819,5.14740514609682,9.12258532557279,13.4274492873184,4.30486396174557,8.89991277802006,14.1611426079372,5.26122982991714,9.13164539902057,13.6331490378326,4.50150363881205
"212041459",4.65966447848286,9.31349380014588,4.65382932166302,4.80030296110952,8.64518740562459,3.84488444451507,7.46579139314369,16.8624361779723,9.3966447848286,7.85908466544901,15.6436834659892,7.78459880054017,7.70824215900802,17.3286652078775,9.62042304886944,8.09958494042403,16.1706400042938,8.07105506386978
"212041460",5.74417200144945,11.1629423843459,5.41877038289649,5.8249833584913,10.1747252774299,4.34974191893864,9.74779562749124,20.5225268752265,10.7747312477352,10.0496179040805,18.7009041236094,8.65128621952889,10.0495228892378,21.0634134557314,11.0138905664935,10.3853722271361,19.3680494549357,8.98267722779963
"212051319",4.27211302211302,11.7301392301392,7.45802620802621,4.32167490079858,10.4866189931311,6.16494409233252,6.52610565110565,21.3417280917281,14.8156224406224,6.73316599724518,19.0459058374008,12.3127398401556,6.59285421785422,21.6302211302211,15.0373669123669,6.83159665428364,19.5345405681223,12.7029439138386
"212051320",5.96460663854759,10.3719970658353,4.40739042728773,5.89169821899307,9.52530571311354,3.63360749412047,10.1436823766734,18.5303502659087,8.38666788923528,10.2425699976033,17.0251618884801,6.78259189087679,10.6665138455896,19.1269026224097,8.4603887768201,10.8622050144287,17.807510750434,6.94530573600528
"212051321",5.70957060457167,9.1893826105533,3.47981200598163,5.63155936275787,8.54086077171976,2.90930140896188,9.20925016022217,15.6085238196966,6.39927365947447,9.30933100963319,14.7271117793894,5.41778076975624,9.4893185216834,15.8905148472549,6.40119632557146,9.60952286195176,15.0653343773562,5.45581151540448
"212051322",5.75052526816322,10.6046665929448,4.8541413247816,5.64614818282547,9.6709632462059,4.02481506338043,9.54329315492646,18.9699214862324,9.42662833130598,9.56506745546677,17.4432599608787,7.87819250541192,9.93564082715913,19.4750635850934,9.53942275793431,10.1121504327488,18.1278904590527,8.01574002630389
"212051323",5.37224180702442,11.5389737563651,6.16673194934064,5.32110406601284,10.3782258396269,5.05712177361402,7.98106802454629,21.0006528267398,13.0195848021935,8.15205366523794,18.947664256355,10.795610591117,8.17796056926492,21.2959916438177,13.1180310745528,8.42905634579263,19.406607906419,10.9775515606263
"212051324",5.40712495914588,11.4480880270182,6.04096306787232,5.40202191059554,10.3936948682792,4.99167295768368,8.55147619566402,20.8122889203617,12.2608127246977,8.71714374862807,18.9063030970891,10.189159348461,8.95936376511603,21.2990521843338,12.3396884192178,9.19112841903844,19.5357206378238,10.3445922187853
"212051325",4.68958333333333,8.41789215686275,3.72830882352941,4.71489498057334,7.86908192350843,3.15418694293509,7.44963235294118,14.5303921568627,7.08075980392157,7.74859753642532,13.6537871629482,5.90518962652287,7.58174019607843,14.690931372549,7.10919117647059,7.92827750465118,13.9255621878765,5.99728468322533
"212051326",5.57296194446909,11.4987137407966,5.92575179632751,5.59395419762504,10.4623400821561,4.86838588453111,8.85310032821786,20.7526834028209,11.899583074603,9.12218461154724,18.9004811154193,9.77829650387209,9.13217422159141,21.219639847423,12.0874656258316,9.47783018296603,19.5966874363225,10.1188572533565
"212051327",4.90657276995305,6.87934272300469,1.97276995305164,4.80504829202049,6.61210889088732,1.80706059886682,6.95164319248826,10.5946009389671,3.64295774647887,6.96696432086903,10.4004686226962,3.43350430182713,6.97276995305164,10.662676056338,3.68990610328639,7.0064797409692,10.5040275724853,3.49754783151614
"213011328",4.72740350035963,10.4413809637977,5.71397746343802,4.63413953349851,9.66313537295532,5.02899583945681,6.03596259889715,18.4636777751139,12.4277151762167,6.16141510927602,17.1511460834052,10.9897309741292,6.04555262526972,18.7245264924479,12.6789738671781,6.2373731482381,17.4887500478614,11.2513768996233
"213011329",5.89917038927888,9.20453095086152,3.30536056158264,5.89756310082951,8.50826381570229,2.61070071487278,11.2335673261008,16.8618379068283,5.62827058072751,11.1962997697957,15.5504663393955,4.35416656959971,11.2335673261008,17.0360561582642,5.80248883216337,11.2086910633821,15.8565403903196,4.64784932693743
"213011330",4.92115848753017,8.14521319388576,3.22405470635559,4.89300079209665,7.71821199322407,2.82521120112742,8.16321399839099,13.7937449718423,5.63053097345133,8.37539658563747,13.2203278132732,4.84493122763572,8.41039823008849,14.151950925181,5.74155269509252,8.6759022789727,13.6917456005907,5.01584332161803
"213011331",4.75415384615385,10.8347692307692,6.08061538461538,4.68907383466787,9.56513498636135,4.87606115169348,6.55630769230769,19.8661538461538,13.3098461538462,6.61580551536743,17.4414794638392,10.8256739484717,6.56492307692308,19.9036923076923,13.3387692307692,6.63129275681051,17.5319747425834,10.9006819857729
"213011332",4.13046757164404,8.19909502262443,4.06862745098039,4.07579284485729,7.66970699741651,3.59391415255922,5.23529411764706,13.7309577677225,8.49566365007541,5.41284613033137,12.9805883174315,7.56774218710009,5.25075414781297,13.7920437405732,8.54128959276018,5.43180342595726,13.0579564638325,7.62615303787525
"213011333",4.12451587916344,6.66750580945004,2.5429899302866,4.08391978092704,6.44226985166873,2.35835007074169,5.05344694035631,10.3867157242448,5.33326878388846,5.3138471716003,10.2685839380086,4.95473676640834,5.06351665375678,10.4269945778466,5.36347792408985,5.32972578353786,10.3640360241373,5.03431024059942
"213011334",6.31885830784913,11.4310907237513,5.11223241590214,6.20869454567718,10.4418319194307,4.23313737375352,10.4804281345566,20.439755351682,9.95932721712538,10.3914444753235,18.813111108552,8.42166663322859,10.8490316004077,20.9916411824669,10.1426095820591,10.804658144864,19.546311214946,8.741653070082
"213011335",5.11746635459333,10.3446459918081,5.22717963721475,5.05123422386332,9.52683008365071,4.47559585978739,7.77135751901697,18.5219426565243,10.7505851375073,7.75993596796815,17.0892867672938,9.32935079932569,8.09523112931539,18.9514335868929,10.8562024575775,8.16118857907924,17.651817128117,9.49062854903777
"213011336",8.35086906141367,11.1965237543453,2.84565469293163,7.87764618324989,10.0755139332892,2.1978677500393,14.603707995365,20.0099652375435,5.40625724217845,13.7246372800685,17.9087045610658,4.18406728099728,15.1752027809965,20.6741599073001,5.49895712630359,14.3912829387377,18.7379140690607,4.34663113032297
"213011337",4.55503176880508,11.1932773109244,6.63824554211929,4.66159855282164,10.2730131146782,5.61141456185656,6.83131789301086,20.6417298626768,13.8104119696659,7.18006458745368,18.9096308055586,11.7295662181049,6.83459725353556,20.8561180569789,14.0215208034433,7.25669068630873,19.3157616953409,12.0590710090322
"213011338",5.64859718166815,10.4023105243113,4.75371334264314,5.46905179252204,9.58923417504626,4.12018238252421,9.29744826710677,18.8193474673099,9.52189920020312,9.16662881943245,17.3165996548477,8.14997083541527,9.52012187380983,19.1826837628539,9.66256188904405,9.42340911387181,17.8060257517157,8.38261663784388
"213011339",4.04702131898785,8.40585774058577,4.35883642159793,4.10646272591394,7.89038721750947,3.78392449159552,6.10161386730424,15.0992229527794,8.99760908547519,6.32828823832432,14.1246439197845,7.79635568146023,6.10241083881251,15.1000199242877,8.99760908547519,6.34008972773484,14.1418453976762,7.80175566994138
"213011340",3.44325958936814,6.87744707942066,3.43418749005252,3.5132014266471,6.60496820635834,3.09176677971124,5.41492917396148,11.5831609103931,6.16823173643164,5.66497643482758,11.2545690011866,5.589592566359,5.45822059525704,11.7607830654146,6.30256247015757,5.73809937205556,11.5146714915205,5.7765721194649
"213021341",7.54039473684211,11.8546052631579,4.31421052631579,7.13602617967563,10.6223074828595,3.48628130318385,12.5621052631579,21.4460526315789,8.88394736842105,12.0908819796624,19.2408471247864,7.14996514512396,13.2023684210526,22.1307894736842,8.92842105263158,12.8118782736188,20.0298844054209,7.21800613180218
"213021342",5.05199618765223,9.05877369480038,4.00677750714815,5.09465315982559,8.43309823559033,3.33844507576474,8.24430795298104,16.1810865191147,7.93677856613365,8.38725630053376,15.1877434167519,6.80048711621811,8.47495499311659,16.6284019908927,8.15344699777613,8.68270943267518,15.8060309527193,7.12332152004408
"213021343",6.8035762301694,12.4038720086045,5.60029577843506,6.62076008236824,11.2240395935464,4.60327951117819,12.4013175584835,22.5455767679484,10.1442592094649,11.9867748836844,20.3573375504338,8.37056266674944,12.5594245764991,23.0492067760151,10.489782199516,12.228391199057,21.1125446591786,8.88415346012166
"213021344",7.71699105733824,11.5767490794319,3.85975802209363,7.4589302726044,10.557480654529,3.09855038192461,13.0636507101526,20.9220410310363,7.85839032088375,12.7188998708862,19.0692477043713,6.35034783348512,13.5394003156234,21.6134665965281,8.07406628090479,13.2842933410858,19.9760261230077,6.69173278192195
"213021345",5.00885391047713,9.31628135759961,4.30742744712248,4.93484952525341,8.60033665355725,3.66548712830384,6.59124446630595,16.1529758976881,9.56173143138219,6.69758603836445,14.9873306972112,8.28974465884677,6.62666010821446,16.3999016232169,9.77324151500246,6.75562636370673,15.2990247490086,8.54339838530188
"213021346",6.27025449451319,10.8641139388279,4.59385944431473,6.08731182112288,10.0352430679515,3.94793124682857,10.0530002334812,19.6619192155032,9.60891898202195,9.95742563512754,18.2213254659792,8.26389983085162,11.1391547980388,20.8692505253327,9.73009572729395,11.1143000213607,19.5680186890317,8.45371866767105
"213031347",7.36768247984082,10.3276782909205,2.95999581107969,7.11566476196141,9.51250007952145,2.39683531756005,12.269766467693,18.1045135616295,5.83474709393654,11.9989424263582,16.7301592232963,4.73121679693803,12.4942925960834,18.4387894020316,5.94449680594827,12.4151002689926,17.3689649376035,4.9538646686109
"213031348",8.93030503352536,10.4041930305034,1.47388799697799,8.57579936805232,9.78019574754845,1.20439637949613,16.3553687789215,18.7992256114836,2.44385683256209,15.7253198960127,17.7229740153879,1.9976541193752,17.891868920578,20.4005099631693,2.50864104259137,17.3099562871855,19.405562998313,2.0956067111275
"213031349",6.96605113636364,12.3359375,5.36988636363636,6.81121990554144,11.2497083610893,4.43848845554791,13.3519886363636,22.7330965909091,9.38110795454546,12.8436923496705,20.6480093391457,7.80431698947524,14.3772727272727,24.0328125,9.65553977272727,13.9114350520594,22.1544406314098,8.24300557935047
"213031350",7.76965334343626,10.5141125213109,2.7444591778746,7.49109612545251,9.7085347863504,2.21743866089789,14.412388709983,18.5840121235082,4.17162341352529,13.9466546189176,17.2508696268484,3.30421500793077,16.6734229967797,20.845046410305,4.17162341352529,16.358254855762,19.6624710792183,3.3042162234563
"213031351",6.77285714285714,9.92031746031746,3.14746031746032,6.56278631950452,8.99298635876376,2.43020003925925,12.6211111111111,17.7850793650794,5.16396825396825,12.0273846459744,16.1342331923523,4.10684854637797,12.8950793650794,18.2387301587302,5.3436507936508,12.5027571628235,16.878892443792,4.37613528096856
"213031352",8.33723623262995,11.4246011322697,3.08736489963973,7.90035185817368,10.3577384032838,2.45738654511011,15.12210499228,20.5101646937725,5.38805970149254,14.2643585820233,18.6623428774402,4.39798429541689,16.5876222336593,22.0765568708183,5.48893463715903,15.7955608679207,20.3389274766545,4.54336660873378
"213041353",3.63898428556562,3.63898428556562,0,3.59790696563538,3.59790696563538,0,6.28338016442918,6.28338016442918,0,6.24130297274919,6.24130297274919,0,6.63450931418462,6.63450931418462,0,6.64191835277813,6.64191835277813,0
"213041355",4.02524901552004,4.87039610840862,0.845147092888579,4.03217786015895,4.84276882750875,0.810590967349808,6.13551077136901,7.58744498494325,1.45193421357424,6.24435711543248,7.65382370091562,1.40946658548314,6.13551077136901,7.61315728515173,1.47764651378272,6.24455992214889,7.69746903475781,1.45290911260892
"213041356",4.20140292474141,6.13541790512424,1.93401498038283,4.15099568516009,5.6969794641176,1.54598377895752,6.6882653667816,10.4177862323148,3.72952086553323,6.68949563915729,9.74455451615661,3.05505887699933,6.95672333848532,10.7882534775889,3.83153013910356,7.0087859577293,10.1960804336294,3.18729447590011
"213041357",2.96327380153082,3.3276487176044,0.364374916073587,3.00698768033173,3.3329920041915,0.326004323859778,3.96777225728481,4.48596750369276,0.518195246407949,4.17117348558486,4.64350431608264,0.472330830497784,4.01879951658386,4.58761917550692,0.568819658923057,4.25600116803991,4.79457264497359,0.538571476933678
"213041358",2.83415233415233,3.51019656019656,0.676044226044226,2.96927906905707,3.6694797372021,0.700200668145035,3.72678132678133,5.12911547911548,1.40233415233415,4.04126075350387,5.51792243679163,1.47666168328775,3.73906633906634,5.17014742014742,1.43108108108108,4.0657162025148,5.5843838209281,1.51866761841331
"213041359",3.23665893271462,3.23665893271462,0,3.13968145184957,3.14006718812809,0.000385736278515569,3.51508120649652,3.51508120649652,0,3.45361880270031,3.45408568931696,0.000466886616649731,3.51508120649652,3.51508120649652,0,3.45363525467693,3.45410214129358,0.000466886616650175
"213041360",3.24119154388213,5.10682254964766,1.86563100576553,3.49855928483049,5.48219771562489,1.9836384307944,5.19506726457399,8.33600256245996,3.14093529788597,5.7983119240336,9.22220607102762,3.42389414699402,5.19506726457399,8.37315823190263,3.17809096732864,5.79833513555138,9.30704976360963,3.50871462805824
"213041461",3.31808278867102,4.54901960784314,1.23093681917211,3.44433723504551,4.9432808170736,1.49894358202808,5.57559912854031,7.25403050108932,1.67843137254902,6.03532210403714,8.08498577552798,2.04966367149083,5.66797385620915,7.36993464052288,1.70196078431372,6.12708746039574,8.21328447608028,2.08619701568455
"213041462",4.11064935064935,5.01766233766234,0.907012987012987,4.0535541854725,4.97746680514211,0.923912619669609,5.3038961038961,6.71688311688312,1.41298701298701,5.5740257742213,7.00633286572863,1.43230709150733,5.3038961038961,6.75636363636364,1.45246753246753,5.57502422128182,7.07361034961092,1.4985861283291
"213041463",3.72665369649805,5.06475819899944,1.33810450250139,3.86447309841199,5.01770499426729,1.1532318958553,5.71178432462479,7.89730405780989,2.1855197331851,6.08648659729296,7.98397435811829,1.89748776082533,5.85630906058922,8.06878821567538,2.21247915508616,6.32848721053117,8.28861052461688,1.96012331408571
"213051361",3.80690221857025,5.20199945220488,1.39509723363462,3.91942424632136,5.18896743189852,1.26954318557717,6.20679265954533,8.43768830457409,2.23089564502876,6.44277216068851,8.4919382931311,2.04916613244259,6.23993426458505,8.50616269515201,2.26622843056697,6.48819271691035,8.59061623237254,2.10242351546219
"213051362",6.32477876106195,9.05145385587863,2.72667509481669,6.25043106028151,8.47191978956213,2.22148872928063,10.5458912768647,15.7211125158028,5.17522123893805,10.5435039521679,14.8522855787977,4.30878162662986,10.7514538558786,16.009608091024,5.25815423514539,10.8129899933853,15.2751575084543,4.46216751506898
"213051363",5.01533804238143,8.06034308779011,3.04500504540868,4.8859740770766,7.61172141254545,2.72574733546886,8.92593340060545,14.5283551967709,5.60242179616549,8.94251634861271,13.7997222631548,4.85720591454206,9.24843592330979,14.8908173562059,5.64238143289606,9.29179502963185,14.2082094478227,4.91641441819084
"213051365",4.9503172055339,6.84093862264007,1.89062141710617,4.89508437403144,6.59844814943293,1.70336377540149,8.32370251471375,11.3263013070397,3.00259879232592,8.38282521258328,11.1071707916113,2.72434557902798,8.50760528930673,11.5843460979898,3.07674080868303,8.6185710326159,11.4639715926781,2.84540056006222
"213051366",3.63355291117722,3.65862728431789,0.0250743731406713,3.68645256392806,3.77095449356539,0.0845019296373346,4.96260093497663,5.00690607734807,0.0443051423714405,5.15306287291776,5.27342877210832,0.120365899190559,4.96260093497663,5.00690607734807,0.0443051423714405,5.16241550435835,5.2838636613326,0.121448156974252
"213051368",4.44154103852596,5.26850921273032,0.826968174204356,4.36348302723666,5.05284215983219,0.689359132595526,7.27336683417085,8.68676716917923,1.41340033500838,7.23797368873253,8.42951573994683,1.1915420512143,8.01909547738694,9.4894472361809,1.47035175879397,8.0327860087126,9.27982488183384,1.24703887312124
"213051369",3.59307186940076,5.76478200278718,2.17171013338642,3.6184784202135,5.53246908842783,1.91399066821433,5.39468445152299,9.13995620147322,3.74527174995023,5.55306660850083,8.87600925426488,3.32294264576405,5.47153095759506,9.28469042404937,3.81315946645431,5.65458592203752,9.08776735039532,3.4331814283578
"213051464",3.00456437105652,3.49859041482078,0.494026043764264,3.06286817409076,3.56043220526656,0.497564031175797,3.74211303530675,4.50959860383944,0.767485568532689,3.92609926251757,4.68117047597135,0.755071213453774,3.76305544368372,4.53483689085783,0.771781447174117,3.95402108704497,4.71613731627915,0.762116229234179
"213051465",5.86962716694372,7.11458085965329,1.24495369270957,5.82247752844242,6.9065577553436,1.08408022690118,10.4060793160769,12.4935882213251,2.08750890524816,10.3437027447785,12.1614568886044,1.81775414382595,10.6086440275469,12.7771313227262,2.16848729517929,10.6595303323176,12.5844666183495,1.92493628603188
"213051466",3.66596740358238,4.01871873487171,0.352751331289333,3.77001424858906,4.17755045079665,0.407536202207587,5.28029691786348,5.92786832338228,0.6475714055188,5.69347730266609,6.43086996163808,0.737392658971988,5.52138131353881,6.18734871712119,0.665967403582378,5.98018675653099,6.73439186461712,0.754205108086127
"213051467",4.10411280846063,7.95534665099883,3.85123384253819,4.2357300550093,7.48437195032005,3.24864189531074,6.19823736780259,13.4310223266745,7.23278495887192,6.64224936372764,12.7293526953477,6.08710333162007,6.32608695652174,13.7229142185664,7.39682726204465,6.81126969092205,13.1015766280962,6.29030693717417
"213051468",3.78233202320794,6.49822197267453,2.71588994946659,3.7380872835076,6.32389339531007,2.58580611180247,4.83660864682763,10.8671158525173,6.03050720568969,4.96425819137908,10.6484151109643,5.68415691958522,4.83660864682763,10.8693617817705,6.03275313494292,4.9705864689544,10.6976815354683,5.72709506651387
"214011370",4.99076923076923,6.54342431761787,1.55265508684864,5.05267376477871,6.45627231223205,1.40359854745334,7.87940446650124,10.225905707196,2.34650124069479,8.28542290662015,10.3763007602934,2.09087785367321,8.02610421836228,10.4633250620347,2.43722084367246,8.45247524441524,10.6526114082172,2.20013616380193
"214011371",6.32389541387025,9.97301454138703,3.64911912751678,6.24037971081014,9.30327165842971,3.06289194761956,10.6810682326622,17.7156739373602,7.03460570469799,10.7084147761426,16.6530578668932,5.94464309075064,11.1835850111857,18.3107522371365,7.12716722595078,11.2629614198492,17.3358550385853,6.07289361873613
"214011372",5.47097667483225,8.70284375332836,3.23186707849611,5.43741690859373,8.1747778152068,2.73736090661307,9.54180423900309,14.8525934604324,5.31078922142933,9.56111947627956,14.1103060670755,4.54918659079591,9.66833528597295,15.0903184577697,5.42198317179678,9.72390178130925,14.4177567507079,4.69385496939868
"214011373",2.9928821470245,6.00828471411902,3.01540256709452,3.09015513201406,5.93632344681183,2.84616831479777,4.66429404900817,10.2600933488915,5.59579929988331,4.94161546250149,10.2599901415797,5.31837467907819,4.84585764294049,10.4841306884481,5.63827304550758,5.15853371256342,10.5481766724047,5.38964295984126
"214011374",3.71666026133743,6.84223674096849,3.12557647963105,3.81283651051351,6.47881746024141,2.6659809497279,5.9402382782475,11.7372213681783,5.79698308993082,6.27765460631061,11.1967319733485,4.9190773670379,6.01249039200615,11.9024788624135,5.88998847040738,6.37631678039167,11.4536253496402,5.07730856924857
"214011375",4.95567481613993,9.27499503080898,4.31932021466905,4.91029812438836,8.73815021463486,3.8278520902465,7.70473066984695,16.5135161995627,8.80878552971576,7.7972562974666,15.5679179326393,7.77066163517267,7.78403895845756,16.7627708209104,8.97873186245279,7.92286327667776,15.9156734039075,7.99281012722971
"214011376",2.30800570380933,3.30515379914443,0.997148095335099,2.42757496951547,3.41273434704423,0.985159377528768,3.65328987573844,5.17294764717865,1.51965777144021,3.90936125986941,5.40996074078163,1.50059948091222,3.65328987573844,5.21735587696068,1.56406600122224,3.90937556972121,5.50436642985579,1.59499086013458
"214021377",2.43912322711365,4.74405967949899,2.30493645238534,2.4488586018371,4.72429193446845,2.27543333263135,3.9809357156014,7.98590900718364,4.00497329158224,4.02509898207848,8.01879804594074,3.99369906386227,4.24894087308897,8.27141278320133,4.02247191011236,4.33391835251228,8.35197281721051,4.01805446469823
"214021378",2.54924760601915,6.27017783857729,3.72093023255814,2.53231820174178,5.90643575550725,3.37411755376548,4.33378932968536,11.4599863201094,7.12619699042408,4.27403294159544,10.7664395928238,6.49240665122836,4.96648426812586,12.2274281805746,7.2609439124487,4.99049918529054,11.6007945826817,6.61029539739119
"214021379",3.84419863497293,5.44888993488664,1.60469129991371,3.80983981373927,5.2621136193402,1.45227380560094,6.38401192437436,9.05750372636699,2.67349180199263,6.34141385360264,8.76993577927225,2.42852192566961,6.85392641405821,9.57025182395858,2.71632540990037,6.8075508894212,9.29114686969969,2.4835959802785
"214021380",5.0623842757442,8.04515026349523,2.98276598775103,5.05771207448816,7.58432705432703,2.52661497983887,8.59115510611024,14.3780800455776,5.78692493946731,8.64277738366339,13.5549633559892,4.91218597232577,8.95520581113801,14.8704600484261,5.91525423728813,9.1428412171691,14.2010776706312,5.05823645346205
"214021381",3.66675133350267,5.46355092710185,1.79679959359919,3.66928370908623,5.31296684564683,1.6436831365606,5.98577597155194,9.15697231394463,3.17119634239268,6.01757673368928,8.98907675487125,2.97150002118197,6.2750825501651,9.51054102108204,3.23545847091694,6.34716454045544,9.400482369689,3.05331782923356
"214021382",2.22381870781099,4.35969141755063,2.13587270973963,2.32760579744742,4.30050225762203,1.97289646017461,3.29286403085825,7.22044358727097,3.92757955641273,3.54588266590228,7.18510146891807,3.63921880301579,3.37656702025072,7.37357762777242,3.9970106075217,3.64180841717795,7.38433024152482,3.74252182434687
"214021383",1.92366928364825,3.31170880132226,1.38803951767402,1.97549231939596,3.3390245927159,1.36353227331995,3.07062093835694,5.51297847563953,2.4423575372826,3.20335290677271,5.59445336231398,2.39110045554127,3.33935614740243,5.81950339957177,2.48014725216934,3.49528856372615,5.92620794862509,2.43091938489894
"214021384",3.09158461824262,6.35663198959688,3.26504737135426,3.18682930632322,6.1750514152251,2.98822210890187,5.32231097900799,10.9979565298161,5.6756455508081,5.51202277148875,10.8385365062073,5.32651373471856,5.50770945569385,11.2922162362995,5.78450678060561,5.74522960909894,11.1947153614467,5.44948575234771
"214021385",4.63492284165161,6.1569581537606,1.52203531210899,4.58164704029598,5.94928949295349,1.36764245265751,8.27679688586125,10.7008202419018,2.4240233560406,8.20533315792459,10.3623096122446,2.15697645431997,8.79674683720284,11.2883358821076,2.49158904490477,8.76514388184402,10.9928662366215,2.22772235477746
