"SA2_MAIN16","supermarket","convenience_store","cafe","pharmacy","post","gp","maternal_child_health","dentist","childcare","kindergarten","primary","community_centre","park","bus"
"206011105",NA,2.6404452690167,2.33506493506493,0.991939677587104,0.991592997053215,NA,0.640558986025349,NA,NA,1.0275611024441,1.19389081455806,1.28317625392699,5.13766233766234,NA
"206011106",NA,4.56883116883117,NA,1.28120124804992,1.37588836886809,NA,0.849203769905752,NA,NA,1.36115444617785,NA,1.73643158921027,NA,NA
"206011107",1.06968278731149,2.42025974025974,2.3974025974026,0.886505460218409,0.897295891835673,8.2,0.749756256093598,9.84329004329004,NA,0.886505460218409,0.911900635470826,1.17235402448272,3.70649350649351,NA
"206011108",0.52613104524181,1.63896103896104,1.76298701298701,0.576313052522101,0.622464898595944,5.05021645021645,0.366157512728848,6.21558441558442,NA,0.662593170393482,0.624566724436742,0.766493337666558,1.76298701298701,NA
"206011109",0.52808112324493,1.15670995670996,1.15324675324675,0.526521060842434,0.496793205061536,4.44155844155844,0.27502437439064,4.56103896103896,NA,NA,0.525418833044483,0.620951142888094,1.54285714285714,0.981818181818182
"206021110",0.484052695441151,1.26233766233766,2.05194805194805,0.493326399722656,0.484052695441151,4.80519480519481,0.331979200519987,4.65844155844156,NA,NA,0.605719237435009,0.582872928176796,2.19220779220779,NA
"206021111",0.615834633385335,1.82894248608534,1.90578512396694,0.62099150632692,0.763910556422257,6.86363636363636,0.424699382515437,6.52987012987013,0.701617562102831,0.693239729589184,0.764298093587522,0.82260860145163,1.77142857142857,NA
"206021112",0.582033281331253,2.09047619047619,1.78051948051948,0.720228809152366,0.77581903276131,7.75324675324675,0.558606868161629,7.95714285714286,0.484113229347198,0.62142485699428,0.625938763720393,0.9667208319792,1.76753246753247,NA
"206031113",0.621164846593864,2.01428571428571,2.02597402597403,0.839963598543942,0.759143699081297,NA,0.439064023399415,7.73766233766234,NA,0.655746229849194,1.15424610051993,0.857545228035966,2.95324675324675,NA
"206031114",0.538741549661987,1.93217893217893,1.64329004329004,0.583203328133125,0.561232449297972,6.27272727272727,0.377965550861228,5.08961038961039,0.579722703639515,0.651391055642226,0.533506643558637,0.765396490087748,1.71168831168831,NA
"206031115",NA,2.8,2.60519480519481,1.31201248049922,1.31201248049922,NA,0.833766655833604,9.65714285714286,NA,NA,NA,1.48488787780305,NA,NA
"206031116",0.674466978679147,1.49454545454545,1.57316017316017,0.681851274050962,0.666796671866875,6.73766233766234,0.421514462138447,5.83376623376623,NA,0.669396775871035,0.650491045638359,0.843028924276893,2.23896103896104,NA
"206041117",NA,NA,5.27272727272727,NA,2.52184087363495,NA,NA,NA,NA,1.67732709308372,5.04477180820335,NA,NA,NA
"206041118",NA,1.42597402597403,2.1012987012987,NA,2.4464378575143,NA,0.99171270718232,20.6649350649351,NA,2.77093083723349,3.07827845176199,1.9787130321742,NA,NA
"206041119",1.2532501300052,3.38961038961039,3.85194805194805,1.58385335413417,1.50871034841394,7.30649350649351,0.476438089047774,NA,0.812536106296938,1.2873114924597,1.29433853264009,0.952876178095548,NA,NA
"206041121",NA,4.05281385281385,3.40649350649351,1.19253770150806,1.19253770150806,10.2103896103896,0.638771530711732,10.2103896103896,1.14558058925477,1.3322066215982,1.14558058925477,1.49057523561911,NA,3.58441558441558
"206041122",NA,NA,NA,NA,4.15080603224129,NA,2.15182537103239,NA,NA,NA,NA,4.37309067273318,NA,NA
"206041123",NA,6.32467532467532,4.53116883116883,1.28393135725429,NA,NA,0.517874553136172,13.0493506493507,NA,1.04992199687988,NA,NA,NA,NA
"206041124",0.457618304732189,2.83896103896104,0.638961038961039,0.457618304732189,0.388195527821113,NA,0.242606434839129,3.87792207792208,0.431253610629694,0.457618304732189,0.508376660889659,0.571985700357491,NA,NA
"206041125",1.31097243889756,NA,5.07012987012987,1.42667706708268,NA,14.5948051948052,1.38365290867728,13.0961038961039,NA,1.8653146125845,2.62564991334489,2.33669158271043,NA,NA
"206041126",NA,NA,18.9181818181818,NA,3.44903796151846,NA,0.915177120571986,70.0467532467532,NA,6.77405096203848,8.46649335644136,NA,NA,NA
"206051128",0.681227249089964,3.59545454545455,2.67792207792208,0.722308892355694,0.887675507020281,NA,0.801917452063698,7.26623376623377,NA,NA,0.81369150779896,NA,NA,NA
"206051129",1.09178367134685,3.33662337662338,3.43030303030303,1.09178367134685,1.37129485179407,10.1688311688312,0.624878128046799,12.1441558441558,NA,1.17589703588144,1.13460427498556,1.44025566027516,4.6,NA
"206051130",0.310452418096724,1.15584415584416,1.22597402597403,0.386462125151673,0.44351274050962,3.48311688311688,0.503574910627234,3.58181818181818,0.252744078567302,0.468408736349454,0.884098786828423,NA,NA,NA
"206051131",NA,NA,NA,0.323192927717109,0.323192927717109,3.22857142857143,0.201982450438739,3.22857142857143,0.359041016753322,0.323192927717109,0.359041016753322,0.403964900877478,NA,NA
"206051132",0.628445137805512,2.18961038961039,2.55194805194805,1.99128965158606,NA,NA,0.389665258368541,NA,NA,NA,2.39500288850375,2.1670458238544,NA,NA
"206051133",2.25299011960478,5.36623376623377,5.12467532467532,2.34425377015081,2.35842433697348,NA,1.26531524211895,23.7142857142857,NA,1.73894955798232,1.95407279029463,2.75349366265843,NA,NA
"206051134",1.37428497139886,2.52987012987013,4.16753246753247,1.37428497139886,1.39508580343214,NA,1.05151121221969,NA,1.37752744078567,1.64235569422777,1.55603697284806,1.74699382515437,NA,NA
"206061135",0.755460218408736,2.88311688311688,2.68701298701299,0.787311492459698,0.763000520020801,7.42337662337662,0.492200194995125,NA,NA,NA,NA,0.940201494962626,1.97272727272727,NA
"206061136",1.32891315652626,3.08675324675325,4.03896103896104,1.32891315652626,1.13494539781591,NA,0.86350341241469,NA,NA,1.32891315652626,NA,1.59831004224894,NA,NA
"206061137",NA,3.52857142857143,4.71168831168831,NA,NA,NA,1.03713032174196,NA,NA,1.30213208528341,1.77137492778741,1.91420214494638,3.16623376623377,NA
"206061138",0.34009360374415,3.12467532467532,2.95584415584416,0.963771884208702,0.804212168486739,3.3974025974026,0.514380890477738,3.3974025974026,NA,0.341133645345814,0.377816291161178,1.02876178095548,4.54025974025974,NA
"206071139",NA,NA,NA,NA,1.31695267810712,NA,NA,10.7480519480519,NA,1.10348413936557,NA,1.38251543711407,NA,NA
"206071140",NA,2.7038961038961,NA,1.14534581383255,1.73608944357774,NA,0.934839129021774,NA,NA,1.73608944357774,NA,NA,NA,NA
"206071141",NA,NA,3.13246753246753,1.16094643785751,1.16094643785751,NA,NA,NA,NA,NA,NA,NA,NA,NA
"206071142",NA,NA,5.18311688311688,1.85829433177327,2.09386375455018,NA,NA,NA,NA,1.79719188767551,NA,1.50471238219045,NA,NA
"206071143",0.866354654186167,2.55714285714286,NA,1.13113191194314,1.078956491593,NA,0.562885927851804,8.99220779220779,NA,1.0736696134512,NA,1.0828729281768,NA,NA
"206071144",0.741636332119952,3.28467532467532,3.34718614718615,0.956404922863581,0.887090483619345,4.57922077922078,0.510866915827104,9.30779220779221,0.298093587521664,0.486024440977639,0.65318698247641,1.00507799805005,4.64675324675325,NA
"206071145",0.564222568902756,1.89264069264069,1.68883116883117,0.650026001040042,0.622659906396256,5.52727272727273,0.34579135521612,4.41558441558442,NA,0.667013347200555,0.49104563835933,0.8124796880078,NA,2.98181818181818
"207011146",0.311102444097764,1.07896103896104,1.15757575757576,0.330906569596117,0.330906569596117,2.64155844155844,0.198407539811505,2.64155844155844,NA,0.232189287571503,0.396013864818024,0.388852778680533,NA,NA
"207011147",0.454758190327613,1.38874458874459,1.5625974025974,0.512307158953025,0.459178367134685,3.98831168831169,0.285050373740656,4.01168831168831,NA,0.480845900502687,0.452484113229347,0.586805329866753,1.81038961038961,1.31948051948052
"207011148",0.352487432830647,1.01067821067821,1.01785714285714,0.34594383775351,0.346398855954238,3.58961038961039,0.233290001083306,2.19480519480519,0.52946273830156,0.330733229329173,0.486424032351242,0.432970425739357,1.12690166975881,NA
"207011149",0.395085803432137,1.14123376623377,0.994805194805195,0.391272317559369,0.38814352574103,3.90454545454545,0.240721481962951,3.97575757575758,NA,0.425030334546715,0.422010398613518,0.485862853428664,1.5012987012987,NA
"207011150",0.401109377708442,1.2152133580705,1.20675324675325,0.435322412896516,0.464690587623505,4.71818181818182,0.274293142671433,4.17402597402597,0.459849797804737,0.447412896515861,0.509724629308685,0.544117647058824,0.994805194805195,NA
"207011151",0.679320506153579,2.3038961038961,2.49090909090909,0.884425377015081,0.923712948517941,NA,0.478875528111797,6.0017316017316,0.886048526863085,0.774245969838794,NA,0.913308417289568,2.65194805194805,NA
"207011152",0.828133125325013,2.09684601113173,1.73116883116883,0.77569769457445,0.830213208528341,5.18095238095238,0.566785830354241,6.36103896103896,NA,NA,1.22068168688619,0.964315892102697,1.9038961038961,NA
"207011153",0.499219968798752,1.5008991008991,1.54675324675325,0.567776044375108,0.553367134685387,4.34805194805195,0.368134546636334,5.22337662337662,NA,0.645605824232969,0.745522819179665,0.632109197270068,1.70649350649351,NA
"207011154",0.459828393135725,1.12207792207792,1.0487012987013,0.46281851274051,0.486999479979199,4.51428571428571,0.292655183620409,3.55064935064935,0.277296360485269,0.456318252730109,0.423887926054304,0.608791030224244,NA,NA
"207011155",0.454498179927197,1.12857142857143,1.13364817001181,0.442992719708788,0.449661986479459,4.21168831168831,0.285640775647275,3.54025974025974,NA,0.486609464378575,0.475447718082033,0.572310692232694,1.11948051948052,NA
"207021156",0.339378575143006,0.92034632034632,0.925046382189239,0.366874674986999,0.366874674986999,3.91688311688312,0.186707832304192,NA,NA,0.269024094297105,0.343587521663778,0.359522261943451,1.12987012987013,0.784415584415584
"207021157",0.365639625585023,1.40952380952381,1.23181818181818,0.413676547061883,0.433489339573583,4.8961038961039,0.315892102697433,2.65974025974026,0.370595031773541,0.497313225862368,0.566002310803004,0.624526053515329,1.75,1.08571428571429
"207021159",0.100364014560582,1.22467532467532,1.02077922077922,0.100364014560582,0.260660426417057,2.37012987012987,0.162902177445564,1.0025974025974,0.111496244945118,0.100364014560582,0.289572501444252,0.325804354891128,1.11428571428571,NA
"207021160",0.33662679840527,0.905844155844156,0.924675324675325,0.346788871554862,0.354264170566823,3.41471861471861,0.228794280142996,3.32467532467532,NA,0.38117524700988,0.426487579433853,0.4479200519987,0.872356215213358,0.918181818181818
"207021424",0.405096203848154,0.884848484848485,1.08311688311688,0.296671866874675,0.360504420176807,NA,0.217582060448489,3.25194805194805,0.450028885037551,0.362324492979719,0.37579433853264,0.463925901852454,1.24415584415584,NA
"207021425",0.455451551395389,1.42251082251082,1.39532467532468,0.414586583463339,0.466892009013694,3.62727272727273,0.301308092297693,3.94025974025974,0.426343154246101,0.475039001560062,0.465626805314847,0.65209619759506,1.50562770562771,NA
"207031161",0.353744149765991,1.18506493506493,0.998886827458256,0.342589703588144,0.386412599361117,3.96536796536797,0.2485259297089,3.75064935064935,NA,0.40893135725429,0.429424224918159,0.454292214123218,1.26233766233766,NA
"207031162",0.353809152366095,1.00779220779221,0.982337662337662,0.363689547581903,0.401716068642746,3.65194805194805,0.25105622359441,3.65194805194805,0.451184286539572,0.440197607904316,0.478480647024841,0.469938251543711,1.21818181818182,1.26753246753247
"207031163",0.401196047841914,2.10692640692641,1.61818181818182,0.586973478939158,0.589248569942798,4.89220779220779,0.360090997725057,4.37402597402597,1.08290005777008,0.706253250130005,0.901574234546505,0.690661900119164,1.53038961038961,NA
"207031164",0.386226877646534,2.01818181818182,1.54318181818182,0.394912463165193,0.463501040041602,3.72987012987013,0.250197316495659,3.93432282003711,0.2973714615829,0.345553822152886,0.457924128634701,0.491898416825294,1.22922077922078,NA
"207031165",0.375455018200728,1.53030303030303,1.17328385899814,0.367914716588664,0.349453978159126,3.85324675324675,0.244718882027949,3.67662337662338,0.336655112651646,0.436102444097764,0.309358752166378,0.489437764055899,2.01904761904762,1.1974025974026
"207031166",0.327699774657653,0.833766233766234,0.912987012987013,0.31894609117698,0.347763910556422,3.68398268398268,0.212707182320442,4.0025974025974,0.424898902368573,0.349908996359854,0.381812054689004,0.514868378290543,1.16623376623377,1.01298701298701
"207031167",0.457878315132605,1.19134199134199,1.1012987012987,0.412376495059802,0.412376495059802,3.9038961038961,0.240006499837504,NA,NA,0.438247529901196,0.44367417677643,0.573773155671108,1.43116883116883,NA
"208011168",0.238949557982319,1.07857142857143,0.914805194805195,0.238949557982319,0.238949557982319,1.38961038961039,0.191095222619435,2.96883116883117,NA,0.294418443404403,0.393029077604468,0.390315242118947,1.22987012987013,NA
"208011169",0.377080083203328,1.41922077922078,1.56857142857143,0.363689547581903,0.46433524007627,3.86909090909091,0.307383224510296,2.9974025974026,0.176487579433853,0.501820072802912,0.628249566724437,0.599898891416603,1.54772727272727,1.12467532467532
"208011170",0.544071762870515,1.57489177489177,1.32103896103896,0.538654879528514,0.488386202114751,4.55714285714286,0.34587260318492,5.71168831168831,NA,0.551828739816259,0.501155401502022,0.650552486187845,1.74285714285714,NA
"208011171",0.335413416536661,2.07965367965368,1.95974025974026,0.380568556075576,0.380568556075576,4.06666666666667,0.317557686057849,4.98181818181818,NA,0.528601144045762,0.461438474870017,0.508828945943018,1.90584415584416,NA
"208011172",0.485959438377535,1.2708719851577,1.35844155844156,0.442277691107644,0.486566129311839,5.08181818181818,0.319913877153071,5.23809523809524,0.458116695551704,0.521234182700641,0.567590987868284,0.655400281659625,1.84805194805195,NA
"208011173",0.403016120644826,1.54480519480519,1.41818181818182,0.515860634425377,0.475645692494366,4.02597402597403,0.284747047990467,6.28051948051948,0.535528596187175,0.425377015080603,0.402224147891392,0.606651500379157,1.10909090909091,NA
"208021174",0.591003640145606,1.40064935064935,1.37588126159555,0.565175940370948,0.64804992199688,5.43636363636364,0.359928501787455,5.1965367965368,0.614673599075679,0.525611024440978,0.650779896013865,0.74793630159246,1.73160173160173,1.45974025974026
"208021176",1.05174206968279,2.82597402597403,2.58874458874459,1.04017160686427,0.816692667706708,6.56103896103896,0.543765572527353,5.81038961038961,0.705661467359908,0.821112844513781,0.883304448295783,1.020799480013,3.004329004329,NA
"208021177",0.646819206101577,1.59480519480519,2.06831168831169,0.799011960478419,0.646450858034321,7.00649350649351,0.499350016249594,NA,NA,0.760894435777431,0.826112073945696,0.813048423789405,1.93543599257885,NA
"208021178",0.599531981279251,1.70735930735931,1.77402597402597,0.619994799791992,0.630993239729589,5.65844155844156,0.404736756581085,5.70519480519481,NA,0.62890015600624,0.680964760254188,0.809473513162171,1.95974025974026,1.45974025974026
"208021179",NA,1.67142857142857,1.55064935064935,0.554342173686947,0.801872074882995,NA,0.454501137471563,6.77402597402597,NA,NA,NA,NA,NA,NA
"208021180",0.554342173686947,1.56298701298701,1.41558441558442,0.606950944704455,0.554342173686947,NA,0.346441338966526,5.49090909090909,NA,0.572802912116485,NA,0.692882677933052,1.54805194805195,NA
"208021181",0.720748829953198,1.41298701298701,1.66233766233766,1.15496619864795,0.72256890275611,8.56969696969697,0.450276243093923,7.21818181818182,NA,0.931877275091004,1.05935875216638,1.15697107572311,2.64155844155844,NA
"208021182",NA,2.18246753246753,2.15064935064935,0.768417403362801,1.01547061882475,NA,0.439389015274618,NA,NA,0.768417403362801,1.01877527440786,1.05308200628318,2.08484848484848,NA
"208021426",0.4983749349974,1.26567717996289,1.21892393320965,0.496463858554342,0.487816655523364,4.17662337662338,0.311179720506987,4.58614718614719,NA,0.499284971398856,0.594839206624302,0.624634384140397,1.59415584415584,NA
"208021427",0.334546715201941,1.16363636363636,0.971428571428571,0.327353094123765,0.39448777951118,4.47142857142857,0.276568085797855,3.80454545454545,NA,0.459698387935517,0.510687463893703,0.465063373415665,1.3443413729128,NA
"208031183",NA,0.717748917748918,0.717748917748918,NA,0.271190847633905,NA,0.169483262918427,NA,NA,NA,0.301270941652224,0.338966525836854,NA,0.579220779220779
"208031185",NA,0.996103896103896,0.953896103896104,NA,0.288351534061362,NA,0.200194995125122,4.34285714285714,NA,0.321892875715029,NA,0.440363990900227,0.919480519480519,NA
"208031186",0.504680187207488,1.34805194805195,1.36428571428571,0.504680187207488,0.504680187207488,4.71038961038961,0.305384032065865,5.04415584415584,0.666955517042172,0.535274744323106,0.656412478336222,0.61076806413173,1.76363636363636,NA
"208031187",0.196307852314093,NA,0.423376623376623,0.196307852314093,0.336193447737909,1.93766233766234,0.210107247318817,3.35844155844156,0.215482380127094,0.193967758710348,NA,0.420214494637634,NA,NA
"208031188",0.480325879701855,1.39194805194805,1.36233766233766,0.467845380481886,0.468408736349454,4.16450216450216,0.288082083662194,4.26623376623377,0.660311958405546,0.489599583983359,0.54080011554015,0.586014516303759,1.66147186147186,1.08181818181818
"208031189",0.387155486219449,1.41038961038961,1.54632034632035,0.387155486219449,0.390535621424857,3.94415584415584,0.246614667966634,3.54632034632035,NA,0.37207488299532,0.430098209127672,0.493229335933268,1.6008658008658,NA
"208031190",0.5,1.51948051948052,1.50871985157699,0.518590743629745,0.583203328133125,5.71363636363636,0.379956126096848,4.61948051948052,0.565857885615251,0.568382735309412,0.642547660311958,0.703477413064673,1.54285714285714,1.34545454545455
"208031191",0.268590743629745,NA,1.2038961038961,0.342087016814006,0.395865834633385,3.62077922077922,0.247603184920377,NA,0.194107452339688,0.389950598023921,0.412670903138841,0.498293792655184,0.883982683982684,NA
"208031193",0.446524527647773,1.28051948051948,1.23261183261183,0.385205408216329,0.40622291558329,3.74935064935065,0.309771422381107,4.2017316017316,NA,0.574796325186341,0.548526863084922,0.578566785830354,1.58545454545455,1.15584415584416
"208041194",0.547928583810019,1.72207792207792,1.78597402597403,0.63215957209717,0.629076591635094,6.11038961038961,0.417817679558011,5.2987012987013,NA,0.601209048361934,0.783290005777008,0.773805654858629,2.08831168831169,NA
"208041195",0.358164326573063,1.41006493506494,1.35938606847698,0.450901369388109,0.504680187207488,5.11753246753247,0.329239983286132,3.87480519480519,NA,0.477855780897903,0.550982091276719,0.687411981367132,2.01662337662338,NA
"209011196",NA,0.81038961038961,0.922077922077922,0.265730629225169,0.307332293291732,NA,0.167370815729607,2.67532467532468,NA,0.376495059802392,0.390020219526285,0.412739681507962,0.933766233766234,NA
"209011197",0.34171866874675,1.03376623376623,0.975584415584416,0.352574102964119,0.321320852834113,3.77532467532468,0.195222619434514,2.88311688311688,0.421143847487002,0.34096030507887,0.410263816676295,0.399935001624959,1.08181818181818,0.923809523809524
"209011198",0.386050442017681,1.34577922077922,1.17359307359307,0.323366267984053,0.421840873634945,3.57012987012987,0.242809554761131,3.71168831168831,0.401502021952629,0.43246229849194,0.530329289428076,0.486837829054274,1.22164502164502,0.684415584415584
"209011199",0.43213728549142,1.19004329004329,1.29536178107607,0.43517074016294,0.437708936928906,3.67532467532468,0.280346116347091,4.95930735930736,0.464182553437319,0.422368323304361,0.477854804544579,0.555194453471997,1.51948051948052,NA
"209011200",0.418486739469579,1.44,1.34350649350649,0.474345640492286,0.474345640492286,4.3974025974026,0.289459430180912,3.50909090909091,0.343443096476025,0.418486739469579,0.403090699017909,0.533636659083523,NA,0.898701298701299
"209011201",NA,1.0374025974026,1.27272727272727,0.420436817472699,0.420436817472699,4.08051948051948,0.262755931101722,4.08051948051948,0.452917388792605,0.418876755070203,0.450317735413056,0.525511862203445,1.31688311688312,1.68831168831169
"209011202",0.323799618651413,0.945454545454545,1.03428571428571,0.277561102444098,0.31753770150806,2.77272727272727,0.20519987000325,3.9038961038961,NA,0.339573582943318,0.22212593876372,0.429249268768281,0.916883116883117,0.762337662337662
"209011203",0.34529381175247,1.16623376623377,1.07359307359307,0.34529381175247,0.34529381175247,3.48961038961039,0.234644133896653,3.66060606060606,NA,0.375455018200728,NA,0.454663633409165,1.35411255411255,NA
"209011204",NA,1.14285714285714,1.14718614718615,NA,0.388195527821113,3.21818181818182,0.200519987000325,3.25714285714286,NA,NA,0.406701328711727,0.462138446538837,NA,NA
"209021205",0.279771190847634,NA,0.628571428571429,0.332553302132085,0.279771190847634,NA,0.1771205719857,3.04155844155844,0.314846909300982,0.283411336453458,NA,0.387877803054924,1.23636363636364,NA
"209021207",0.568226729069163,1.25829725829726,1.39318181818182,0.469607673195817,0.500065002600104,5.26688311688312,0.282719717721343,4.57077922077922,0.52050837666089,0.504865908922071,0.479285301642321,0.587874192034088,1.74322820037106,1.35714285714286
"209021208",0.397815912636505,1.5625974025974,1.27900432900433,0.371879875195008,0.348636802614962,3.22662337662338,0.247623496912577,3.57532467532468,0.302570768341999,0.301395389148899,0.445599845946466,0.435895352616185,1.88917748917749,0.805194805194805
"209021428",0.541168313399203,2.05844155844156,1.28675324675325,0.501225763316247,0.571970878835153,4.82683982683983,0.379558011049724,7.67532467532468,NA,0.586880618081866,0.586943963027152,0.683620409489763,1.69220779220779,NA
"209021429",NA,1.52096474953618,1.54025974025974,0.47148552608771,0.515080603224129,5.84761904761905,0.388256960242661,4.61818181818182,0.502888503755055,0.549661986479459,0.650202195262854,0.699301267468313,1.80952380952381,NA
"209031209",0.211388455538222,0.822510822510823,0.962770562770563,0.211388455538222,0.266640665626625,2.65064935064935,0.166395840103997,2.11168831168831,NA,0.24869994799792,0.291738879260543,0.315729606759831,NA,NA
"209031213",0.158346333853354,NA,0.254545454545455,0.179927197087884,0.169136765470619,1.83636363636364,0.09896002599935,1.83636363636364,0.19844020797227,0.173600277344427,NA,0.1979200519987,0.423376623376623,NA
"209031214",NA,NA,NA,NA,NA,NA,0.0926226844328892,NA,NA,NA,NA,0.185245368865778,NA,NA
"209031215",NA,0.718181818181818,0.70995670995671,NA,0.245709828393136,NA,0.143321416964576,2.29090909090909,NA,0.245709828393136,NA,0.307117322066948,1.03896103896104,NA
"209041216",NA,1.33246753246753,1.33506493506494,NA,0.323452938117525,NA,0.202144946376341,NA,NA,0.323452938117525,0.359329867128827,NA,NA,NA
"209041217",NA,1.2961038961039,1.2961038961039,NA,NA,NA,0.220506987325317,NA,NA,NA,NA,0.560285992850179,NA,NA
"209041219",0.367082683307332,0.851948051948052,1.01038961038961,0.340249609984399,0.373504940197608,3.13766233766234,0.232816054598635,3.56727272727273,NA,0.364274570982839,0.407798960138648,0.475593110172246,1.0025974025974,1.13506493506494
"209041220",0.309932397295892,0.717316017316017,0.742207792207792,0.284321372854914,0.258385335413417,2.38181818181818,0.157133571660708,2.39480519480519,0.212593876372039,0.277561102444098,0.251372039283651,0.321173220669483,1.0987012987013,NA
"209041221",0.257020280811232,0.690909090909091,0.683116883116883,0.254203501473392,0.257020280811232,2.50649350649351,0.162577185570361,2.50649350649351,NA,0.24544981799272,NA,0.311829704257394,0.953246753246753,0.807792207792208
"209041223",NA,1.05402597402597,0.94978354978355,0.395215808632345,0.366484659386375,4.1012987012987,0.25934351641209,3.7974025974026,NA,0.39972265557289,NA,0.465171704040732,1.12662337662338,NA
"209041224",0.0135205408216329,0.522943722943723,0.503896103896104,0.0135205408216329,0.179147165886635,0.135064935064935,0.0627234319142021,0.94025974025974,NA,0.0963338533541342,0.20681686886193,0.0168995775105622,0.308225108225108,0.116883116883117
"209041225",NA,0.979220779220779,0.890909090909091,NA,NA,NA,0.132759181020474,NA,NA,NA,NA,0.274293142671433,0.719480519480519,NA
"209041430",0.288611544461778,0.817532467532468,0.829437229437229,0.303952158086323,0.288611544461778,2.88311688311688,0.180370490737732,2.88311688311688,NA,NA,0.320623916811092,0.360740981475463,NA,NA
"209041431",0.310192407696308,0.881818181818182,0.941125541125541,0.310192407696308,0.310192407696308,3.0987012987013,0.186870328241794,3.24415584415584,NA,0.272750910036401,0.351675332177932,0.387715307117322,NA,0.802597402597403
"209041432",NA,0.825108225108225,0.757142857142857,NA,0.284018027387762,NA,0.196295092622684,2.81038961038961,NA,0.293031721268851,0.363373772385904,0.338641533961651,1.02857142857143,NA
"209041433",NA,0.843290043290043,0.79047619047619,0.263650546021841,0.294071762870515,2.62597402597403,NA,2.62597402597403,NA,NA,NA,NA,NA,0.903896103896104
"209041434",0.165106604264171,0.84987012987013,1.10909090909091,0.255070202808112,0.165106604264171,0.761038961038961,0.0469613259668508,1.64935064935065,0.0840554592720971,0.165106604264171,0.0476603119584055,0.292492687682808,NA,0.603896103896104
"209041435",NA,NA,NA,0.205928237129485,0.205928237129485,2.05714285714286,0.112772180695483,2.05714285714286,NA,NA,NA,0.257393565160871,NA,NA
"209041437",NA,1.10649350649351,1.10649350649351,NA,NA,NA,0.163958401039974,NA,NA,NA,NA,0.327916802079948,NA,1.10649350649351
"210011226",NA,1.12519480519481,1.13679653679654,NA,0.310105737562836,2.68961038961039,0.173870653233669,0.950649350649351,0.168544194107452,0.278211128445138,0.182842287694974,0.338424872711516,0.611688311688312,NA
"210011227",NA,NA,NA,0.0884035361414457,0.0884035361414457,NA,NA,NA,NA,NA,NA,NA,NA,NA
"210011228",0.188507540301612,0.754545454545455,0.754545454545455,0.160686427457098,0.216328653146126,2.16103896103896,0.127478063048424,2.14025974025974,0.215193529751589,0.216328653146126,0.226603119584055,0.242118947026324,0.612987012987013,0.724675324675325
"210011229",0.374284971398856,0.924098124098124,0.948340548340548,0.368521407522968,0.412896515860634,4.14805194805195,0.235814104647384,NA,0.416425958020412,0.398942624371642,0.493356441363374,0.503006174845629,NA,NA
"210011230",0.526521060842434,1.72467532467532,NA,0.526521060842434,0.526521060842434,5.25974025974026,0.329054273643159,5.25974025974026,NA,0.520800832033281,0.584344309647603,0.658108547286318,NA,NA
"210011231",0.203588143525741,0.913852813852814,0.822943722943723,0.221008840353614,0.273920956838274,2.72207792207792,0.170295742606435,2.72207792207792,NA,0.355694227769111,0.302715193529752,0.3854403639909,NA,NA
"210031236",0.235309412376495,0.906493506493506,1.16779220779221,0.263650546021841,0.261917143352401,2.81991341991342,0.198123171920702,2.63376623376623,NA,0.363321199514647,0.345465049104564,0.364722131946701,NA,NA
"210031237",0.296671866874675,0.921212121212121,1.04512987012987,0.33198127925117,0.337146819206102,3.31558441558442,0.213140504820713,3.18961038961039,NA,0.340483619344774,0.342576545349509,0.406294009316434,1.17402597402597,NA
"210031239",0.501430057202288,1.44749536178108,1.47954545454545,0.516510660426417,0.548064779734047,5.52510822510822,0.323407539811505,5.07337662337662,0.659734257654535,0.571459525047669,0.616695551704217,0.653006174845629,1.64350649350649,NA
"210031438",0.514690587623505,1.41818181818182,1.5525974025974,0.559958398335933,0.502990119604784,4.69004329004329,0.356516087097823,4.80714285714286,0.504766031195841,0.558849020627492,0.656268053148469,0.635277868053299,2.16103896103896,NA
"210031439",0.189547581903276,NA,1.06753246753247,0.189547581903276,0.189547581903276,2,0.125121871953201,2,0.222414789139226,0.200208008320333,0.222414789139226,0.250243743906402,NA,NA
"210031440",0.451638065522621,1.53766233766234,1.56571428571429,0.471658866354654,0.451638065522621,4.62770562770563,0.28745531361716,5.16363636363636,0.57423454650491,0.465808632345294,0.509917196225688,0.58953526161846,1.55324675324675,NA
"210041240",0.211908476339054,0.490909090909091,0.490909090909091,NA,0.211908476339054,NA,NA,NA,NA,0.211908476339054,NA,NA,0.507792207792208,NA
"210041241",0.0756630265210608,0.688311688311688,0.823376623376623,0.207618304732189,0.227899115964639,2.09402597402597,0.142481854620301,2.21168831168831,0.0996533795493934,0.237454498179927,0.278509532062392,0.294312642183945,0.518614718614719,0.0311688311688312
"210051242",0.198907956318253,1.32883116883117,1.23939393939394,0.219188767550702,0.32024614317906,2.24155844155844,0.103509912252194,1.98701298701299,0.200895436164067,0.236262783844687,0.220970537261698,0.248618784530387,1.56233766233766,0.412987012987013
"210051243",0.183307332293292,0.758441558441558,0.793073593073593,0.169851794071763,0.165496619864795,1.97662337662338,0.125934351641209,1.85,0.151646447140381,0.184217368694748,0.154823801270942,0.240548152962843,0.687012987012987,0.958441558441558
"210051245",0.292381695267811,0.809350649350649,0.838095238095238,0.249609984399376,0.260530421216849,2.68311688311688,0.162820929476763,2.68484848484849,NA,0.260530421216849,0.31369150779896,0.307658975192287,0.651948051948052,0.618181818181818
"210051246",0.245189807592304,0.509090909090909,0.450649350649351,NA,0.245189807592304,2.44935064935065,0.113422164445889,2.44935064935065,NA,NA,0.293471981513576,0.238381540461488,0.727272727272727,0.696103896103896
"210051247",NA,0.871428571428571,0.912987012987013,0.424856994279771,0.424856994279771,4.24415584415584,0.261780955476113,4.24415584415584,NA,0.424856994279771,NA,0.523561910952226,NA,NA
"210051249",NA,0.933766233766234,0.78961038961039,0.232709308372335,0.215548621944878,3.20779220779221,0.200682482937927,2.24025974025974,NA,0.321112844513781,NA,0.385115372115697,NA,0.88051948051948
"210051250",0.416276651066043,1.65194805194805,1.53766233766234,0.283151326053042,0.416276651066043,2.86753246753247,0.343353916152096,4.02987012987013,NA,0.549401976079043,0.29000577700751,0.686707832304192,NA,1.11948051948052
"210051441",0.257063615877968,0.782683982683983,0.754285714285714,0.332813312532501,0.319032761310452,2.55584415584416,0.199111688874445,3.23896103896104,0.184864240323512,0.198907956318253,0.297443674176776,0.317192070198245,NA,0.566233766233766
"210051442",NA,0.750649350649351,0.750649350649351,0.237649505980239,NA,2.76363636363636,0.148521286967826,2.37402597402597,0.270652801848642,0.251170046801872,0.279029462738302,0.297042573935652,NA,NA
"210051443",NA,0.628571428571429,0.593073593073593,0.187207488299532,0.254290171606864,2.85454545454545,0.178583035424114,2.85454545454545,0.0814558058925477,0.284061362454498,NA,0.355541111472213,NA,NA
"210051444",NA,1.3012987012987,1.3012987012987,NA,NA,NA,0.130646733831654,2.47272727272727,NA,0.209048361934477,0.232235701906412,0.261293467663308,NA,NA
"211011251",NA,1.11688311688312,1.02402597402597,0.414976599063963,0.414976599063963,4.46753246753247,0.276811829704257,NA,NA,0.440890968972092,0.465915655690352,0.581735456613585,1.37012987012987,NA
"211011254",0.302565435950771,0.628571428571429,0.687940630797774,0.385725429017161,0.327006413589877,4.04675324675325,0.169905752356191,2.80692640692641,0.432409012131716,0.248396602530768,0.285745233968804,0.351576210594735,0.657142857142857,NA
"211011256",0.155486219448778,0.773506493506493,0.765194805194805,0.274310972438898,0.229155832899983,1.44155844155844,0.139096522586935,3.24155844155844,0.364818024263432,0.265990639625585,0.232331985364914,0.365940851478713,1.02683982683983,0.955844155844156
"211011257",NA,NA,NA,NA,NA,NA,NA,NA,0.202772963604853,NA,NA,NA,NA,0.563636363636364
"211011258",NA,0.694372294372294,0.723376623376623,NA,0.273790951638066,NA,0.16038349041274,NA,NA,0.273790951638066,0.277585210860774,0.342216444588885,NA,0.636363636363636
"211011259",0.188247529901196,0.73982683982684,0.705627705627706,0.256240249609984,0.256240249609984,NA,0.162577185570361,2.48831168831169,0.242489890236857,0.332033281331253,0.248555748122473,0.325154371140721,NA,0.690909090909091
"211011260",NA,0.798268398268398,0.655584415584415,0.273400936037442,0.237779511180447,NA,0.182645433864153,2.24935064935065,NA,0.24739989599584,0.236375890621991,0.337341566460838,NA,1.08831168831169
"211011446",0.284538048188594,1.17186147186147,1.4987012987013,0.284538048188594,0.331461258450338,2.42337662337662,0.197660058498538,2.42337662337662,0.259676487579434,0.351534061362454,0.395628730984017,0.405329866753331,0.577922077922078,NA
"211011447",0.305642225689028,0.708658008658009,0.735064935064935,0.305642225689028,0.303757150286011,3.05454545454545,0.177608059798505,3.28571428571429,NA,0.300572022880915,0.325149239360678,0.379590510237244,0.688961038961039,0.888311688311688
"211011448",0.203588143525741,0.537662337662338,0.646103896103896,0.203588143525741,0.252210088403536,2.03376623376623,0.133246668833279,2.21948051948052,0.255632582322357,0.143525741029641,0.235605622953976,0.269959917668725,0.755844155844156,NA
"211011449",0.138455538221529,0.353246753246753,0.350649350649351,0.138455538221529,0.171086843473739,1.38311688311688,0.0865290867728307,1.38311688311688,NA,NA,0.130849220103986,0.173058173545661,NA,0.353246753246753
"211021261",0.225949037961518,1.05038961038961,0.61948051948052,0.270800832033281,0.225949037961518,1.98831168831169,0.147018199545011,2.61558441558442,0.259965337954939,0.269760790431617,0.286539572501444,0.273318167045824,1.27012987012987,0.893506493506493
"211021262",0.0868434737389496,0.302597402597403,0.371428571428571,0.078393135725429,0.078393135725429,0.783116883116883,0.0489925251868703,0.941125541125541,0.0836221837088388,0.078393135725429,0.0934430964760254,0.0874228144296393,0.320779220779221,0.371428571428571
"211031263",0.249089963598544,NA,0.69004329004329,0.249089963598544,0.197282891315653,2.05887445887446,0.128805113205503,1.97077922077922,0.0465049104563836,0.206101577396429,0.163296745619103,0.246587585310367,0.942857142857143,NA
"211031265",0.14863927890449,0.727272727272727,0.596969696969697,0.18278731149246,0.170696827873115,1.59480519480519,0.0969559094355974,1.92051948051948,0.124494511842865,0.15513953891489,0.213316002310803,0.240006499837504,0.683116883116883,NA
"211031266",0.328133125325013,1.28802308802309,1.24467532467532,0.328133125325013,0.387805512220489,2.54112554112554,0.267590185245369,2.32034632034632,0.308492201039861,0.368629745189808,0.502816291161178,0.469548261293468,1.25367965367965,NA
"211031267",0.333116657999653,0.903896103896104,0.806637806637807,0.335190550479162,0.348599658272045,3.29922077922078,0.212567900088212,3.14372294372294,0.366406701328712,0.361674466978679,0.380539737558802,0.440456845721714,1.16017316017316,0.777922077922078
"211031268",0.165626625065003,0.609523809523809,0.588311688311688,0.165626625065003,0.217758710348414,NA,0.138284042898928,2.60519480519481,NA,0.22126885075403,NA,0.337341566460838,0.477922077922078,NA
"211031450",0.31157912983186,0.973283858998145,0.935064935064935,0.368088056855608,0.335283411336453,3.27922077922078,0.189925251868703,3.31493506493506,NA,0.321060842433697,0.378509532062392,0.420149496262593,0.961038961038961,0.851948051948052
"211031451",0.31287918183394,0.850649350649351,0.873160173160173,0.270930837233489,0.283324666319986,2.91428571428571,0.179659571010725,2.86233766233766,0.330059695744271,0.279147165886635,0.346273830155979,0.358187473884581,0.983234946871311,NA
"211031452",NA,NA,0.483116883116883,NA,NA,NA,0.0892102697432564,NA,0.18630849220104,0.167706708268331,0.18630849220104,0.178420539486513,NA,NA
"211041269",0.375715028601144,0.97038961038961,0.974025974025974,0.372334893395736,0.369388108857688,3.54112554112554,0.232726681832954,3.31298701298701,NA,0.380048535274744,0.419121894858463,0.460567652475355,0.962337662337662,0.909090909090909
"211041270",0.33662679840527,1.36363636363636,1.24,0.334026694401109,0.451898075923037,3.40865800865801,0.244198895027624,3.34025974025974,0.434142114384749,0.408996359854394,0.399335644136337,0.488397790055249,1.21385281385281,0.963636363636364
"211041271",0.351482059282371,1.13896103896104,1.01038961038961,0.33052522100884,0.324557982319293,3.27922077922078,0.21566460838479,3.94718614718615,0.283939919121895,0.359178367134685,0.398613518197574,0.46148846278843,1.22857142857143,0.602597402597403
"211041272",0.34919396775871,0.932467532467532,0.894372294372294,0.348933957358294,0.348933957358294,3.16233766233766,0.218069548261293,3.48571428571429,NA,0.282891315652626,NA,0.436139096522587,0.87012987012987,NA
"211041273",0.199947997919917,0.684415584415584,0.678961038961039,0.231019240769631,0.199947997919917,2.14025974025974,0.14892752681183,2.14025974025974,0.223281340265742,0.230629225169007,0.26473136915078,0.277326400173329,0.892207792207792,0.597402597402597
"211051274",0.0847633905356214,0.396536796536797,0.323376623376623,0.0847633905356214,0.0910036401456058,0.792207792207792,0.0564402556602752,0.909090909090909,NA,0.106864274570983,0.114673599075679,0.0991225219369516,0.441558441558442,0.197402597402597
"211051275",0.170696827873115,0.663896103896104,0.665800865800866,0.182527301092044,0.187380828566476,1.70519480519481,0.111959701007475,1.68441558441558,0.129404968226459,0.185040734962732,0.199017908723281,0.223486079514679,0.583376623376623,0.721428571428571
"211051276",NA,0.631168831168831,0.590909090909091,NA,0.203068122724909,1.51168831168831,0.11147221319467,1.87142857142857,NA,0.140145605824233,0.198873483535529,0.189145271368216,0.602597402597403,0.590909090909091
"211051277",0.178973825619691,0.877056277056277,0.76969696969697,0.24804992199688,0.188940890968972,1.89004329004329,0.148765030874228,1.89004329004329,0.107452339688042,0.241549661986479,0.278836895821298,0.297530061748456,0.505194805194805,0.82987012987013
"211051278",NA,0.574025974025974,0.643116883116883,0.216978679147166,0.13182527301092,0.568831168831169,0.131621709457264,0.568831168831169,0.0600808781051415,0.210608424336973,0.155545927209705,0.19553677824721,0.461471861471861,0.0675324675324675
"211051279",0.0254810192407696,0.353896103896104,0.296969696969697,0.0912636505460218,0.0908736349453978,0.254545454545455,0.0577673058173546,0.923376623376623,0.0283073367995378,0.0254810192407696,0.0283073367995378,0.115534611634709,0.477922077922078,0.312554112554113
"211051280",0.135075403016121,NA,0.54025974025974,0.119864794591784,0.119864794591784,1.1974025974026,0.0749106272343191,1.1974025974026,0.13316002310803,0.119864794591784,0.13316002310803,0.149821254468638,0.420779220779221,0.54025974025974
"211051281",0.355954238169527,0.896103896103896,0.841558441558442,0.299271970878835,0.286271450858034,2.64935064935065,0.222456938576536,2.98961038961039,NA,NA,0.325534373194685,0.374065648358791,1.03722943722944,1.01038961038961
"211051282",0.0442277691107644,0.229090909090909,0.164935064935065,0.0482673852408642,0.040264467721566,0.458441558441558,0.029500398853665,0.471546635182999,0.0497544771808203,0.0436528572254001,0.0504404968226459,0.0573610659733507,0.401298701298701,NA
"211051283",NA,0.464935064935065,0.381818181818182,NA,NA,NA,0.114234644133897,NA,NA,0.167706708268331,0.203061813980358,0.228469288267793,0.463636363636364,0.283116883116883
"211051284",0.144695787831513,0.483116883116883,0.467532467532468,0.144695787831513,0.153752816779338,0.901298701298701,0.0981475463113422,1.47532467532468,NA,0.195267810712428,0.194685153090699,0.184595385115372,0.574025974025974,NA
"211051285",0.0496619864794592,0.305454545454545,0.367272727272727,0.0496619864794592,0.0496619864794592,0.496103896103896,0.0545986350341241,1.0995670995671,0.0551704217215482,0.0496619864794592,0.119776622376276,0.134763297584227,0.387878787878788,0.363636363636364
"211051286",0.0486219448777951,0.341558441558442,0.307977736549165,0.0483619344773791,0.0483619344773791,0.450649350649351,0.0303867403314917,0.588961038961039,0.0454457924128635,0.0540171606864275,0.0875216637781629,0.0736919077023074,0.313419913419913,0.381818181818182
"212011287",NA,0.497402597402597,0.594805194805195,NA,0.160166406656266,1.6,0.100909977250569,1.65194805194805,NA,NA,0.18370883882149,0.201819954501137,NA,0.67012987012987
"212011288",0.0687294158433004,0.592857142857143,0.478961038961039,0.0453718148725949,0.0325013000520021,0.453246753246753,0.0514299642508937,0.741991341991342,0.036106296938186,0.0822932917316693,0.121991141921818,0.121140721481963,0.588961038961039,0.52987012987013
"212011289",NA,0.228896103896104,0.255194805194805,0.0747529901196048,0.0743629745189808,0.677922077922078,0.0527028490954393,0.82025974025974,0.0826112073945696,0.0902236089443578,0.0692278066628153,0.0969559094355974,0.436363636363636,0.263896103896104
"212011290",NA,0.502337662337662,0.555844155844156,NA,NA,1.39480519480519,0.101234969125772,1.39480519480519,NA,0.161986479459178,0.166233391103408,0.205069873253169,0.777489177489178,0.567792207792208
"212011291",0.13052522100884,0.681818181818182,0.763636363636364,NA,0.13052522100884,1.3038961038961,0.0815729606759831,1.3038961038961,NA,NA,0.145002888503755,0.163145921351966,NA,NA
"212011292",0.271450858034321,0.777662337662338,0.834137291280148,0.271450858034321,0.255070202808112,2.71818181818182,0.175603943234752,2.71818181818182,0.30155979202773,0.280984572716242,0.322573656845754,0.342866428339291,1.19480519480519,0.820779220779221
"212021293",NA,0.768089053803339,0.736363636363636,0.221008840353614,0.257930317212688,3.43636363636364,0.0630484237894053,NA,0.132582322357019,0.306032241289652,0.236279607163489,0.307550644567219,0.892207792207792,0.776623376623377
"212021294",NA,0.571428571428571,0.642424242424242,0.2434997399896,0.239556248916623,NA,0.133354999458347,2.43246753246753,0.25736568457539,0.213381868608078,0.244367417677643,0.29996750081248,0.579220779220779,0.657142857142857
"212021295",0.267117351360721,1.08701298701299,1.16994434137291,0.254290171606864,0.302392095683827,2.54025974025974,0.175779980500487,3.03376623376623,NA,0.260010400416017,0.295397650683613,0.349041273968151,1.26233766233766,0.825974025974026
"212021297",0.256370254810192,0.6995670995671,0.64025974025974,0.236869474778991,0.28783151326053,2.37792207792208,0.103672408189795,1.36103896103896,NA,0.165886635465419,0.184286539572501,0.283555411114722,0.742857142857143,0.633766233766234
"212021299",NA,0.150649350649351,0.150649350649351,NA,NA,NA,NA,NA,NA,0.0652626105044202,NA,NA,0.163636363636364,0.163636363636364
"212021453",0.0520020800832033,0.569480519480519,0.714285714285714,0.293031721268851,0.172516900676027,2.88831168831169,0.032499187520312,2.95324675324675,NA,NA,0.191652224147891,0.217257068573286,NA,NA
"212021454",NA,0.774025974025974,0.594805194805195,NA,NA,NA,0.179558011049724,NA,NA,0.288091523660946,NA,NA,NA,NA
"212021455",NA,0.514285714285714,0.554545454545454,0.0988039521580863,0.0988039521580863,0.987012987012987,NA,0.987012987012987,NA,0.0988039521580863,NA,0.123496912577186,NA,0.45974025974026
"212021456",NA,0.407792207792208,0.407792207792208,NA,0.112064482579303,NA,0.0753981150471238,NA,NA,0.140665626625065,0.134026574234547,0.209619759506012,0.366233766233766,NA
"212031300",0.296065175940371,0.874805194805195,0.877179962894249,0.286401456058242,0.266077309759057,2.52077922077922,0.166206261510129,2.54025974025974,NA,0.282735309412377,0.355719237435009,0.363340916477088,1.27272727272727,1.0025974025974
"212031301",NA,0.758441558441558,0.758441558441558,NA,0.276651066042642,NA,0.204419889502762,3.10649350649351,0.314269208549971,0.282891315652626,0.307336799537839,0.34579135521612,0.574025974025974,0.561038961038961
"212031302",NA,0.671428571428571,0.669264069264069,NA,0.275351014040562,NA,0.163145921351966,NA,0.242056614673599,0.261050442017681,0.24682264586944,0.277705557361066,NA,0.716883116883117
"212031304",NA,0.750649350649351,0.764935064935065,0.301092043681747,0.293031721268851,NA,NA,3.00779220779221,NA,NA,0.325534373194685,0.366265843353916,0.623376623376623,0.615584415584416
"212031305",0.363754550182007,0.76051948051948,0.691883116883117,0.314785924770324,0.24718322066216,2.68831168831169,0.131540461488463,2.68138528138528,NA,0.195657826313053,0.354419410745234,0.344058065215036,0.379220779220779,NA
"212031306",NA,0.830649350649351,0.814545454545455,0.174466978679147,0.174466978679147,1.6025974025974,0.143321416964576,1.74285714285714,NA,0.233489339573583,0.283362218370884,0.291842703932402,NA,0.864935064935065
"212031308",0.146645865834633,0.420779220779221,0.387012987012987,NA,NA,0.74025974025974,0.0596360090997725,1.1025974025974,NA,NA,0.106008087810514,0.119272018199545,0.423376623376623,NA
"212031457",0.277691107644306,0.666233766233766,0.655411255411255,0.263130525221009,0.277691107644306,2.62857142857143,0.164445888852779,2.62857142857143,NA,0.263130525221009,0.292316580011554,0.328891777705557,NA,NA
"212031458",NA,0.638961038961039,0.64,NA,0.261570462818513,2.53246753246753,0.159246018849529,2.61298701298701,0.244078567302138,0.261570462818513,0.283073367995378,0.326941826454339,NA,NA
"212041309",0.304472178887155,1.13593073593074,1.07384044526902,0.337666840006934,0.393309065695961,3.31515151515151,0.245802188278626,3.25909090909091,0.468226458694396,0.412376495059802,0.379549393414211,NA,1.15584415584416,1.04675324675325
"212041310",0.309022360894436,1.77402597402597,0.954545454545454,0.309022360894436,0.350078003120125,2.13246753246753,0.190228577618893,2.96709956709957,0.382726747544772,0.352314092563703,0.462064317350279,0.346549669591594,1.89220779220779,1.02597402597403
"212041311",0.392962385162073,1.79350649350649,2.13549783549784,0.450598023920957,0.550572022880915,2.85454545454545,0.299805004874878,3.32337662337662,NA,0.63182527301092,0.73050259965338,0.609099772505687,2.06796536796537,NA
"212041312",0.346203848153926,1.10649350649351,1.05528756957328,0.18408736349454,0.303605477552435,1.85194805194805,0.174466471671542,3.26839826839827,NA,0.290821632865315,0.384965337954939,0.464218394540137,1.18070500927644,0.763636363636364
"212041313",NA,0.927272727272727,0.92987012987013,NA,0.321112844513781,NA,0.197432564185895,2.82337662337662,NA,NA,NA,0.401364965875853,0.763636363636364,0.576623376623377
"212041314",0.281071242849714,0.601948051948052,0.705380333951762,0.331903276131045,0.239274570982839,2.80779220779221,0.142183945401365,2.81818181818182,0.322934719815136,0.166753336800139,0.236712882726748,0.296197595060123,0.161038961038961,0.423376623376623
"212041316",0.34009360374415,0.677922077922078,0.766666666666667,0.395995839833593,0.299531981279251,3.92467532467532,0.184866211678041,3.95584415584416,0.394762179857501,0.296845207141619,0.331166955517042,0.371465713357166,0.846753246753247,0.415584415584416
"212041317",0.428497139885595,1.31212121212121,1.13719008264463,0.4448127925117,0.463234529381175,3.38571428571429,0.29684757881053,4.33246753246753,0.369006354708261,0.426157046281851,0.447718082033507,0.500552486187845,1.4017316017316,NA
"212041318",0.425637025481019,0.758441558441558,0.918441558441558,0.359854394175767,0.425637025481019,4.25194805194805,0.220425739356516,4.25194805194805,NA,0.279771190847634,0.32524552281918,0.440851478713032,1.25324675324675,0.941558441558441
"212041459",0.441584330039868,1.5974025974026,1.53160173160173,0.492459698387936,0.441584330039868,3.91168831168831,0.309229769255769,4.45064935064935,NA,0.499479979199168,0.554881571346043,0.618459538511537,1.28701298701299,NA
"212041460",0.499393309065696,1.32207792207792,1.4969696969697,0.490726295718495,0.446307852314093,4.94372294372294,0.27913552161196,4.98874458874459,NA,0.489963598543942,0.547756595416907,0.587747806304842,1.38268398268398,1.34805194805195
"212051319",0.406742936384122,1,1.04857142857143,0.422603570809499,0.422145457246861,4.45281385281385,0.268334958292709,4.21402597402597,0.471403812824957,0.454290171606864,0.483073367995378,0.548261293467663,1.68831168831169,1.12554112554113
"212051320",0.430707228289132,1.41731601731602,1.39272727272727,0.477465765297279,0.446242849713989,3.93246753246753,0.297790055248619,4.31233766233766,0.422588099364529,0.44544981799272,0.437319468515309,0.619109522261943,1.62922077922078,0.753246753246753
"212051321",0.30594557115618,1.06406926406926,1.04779220779221,0.303518807418963,0.295839833593344,2.58701298701299,0.198245043873903,3.1961038961039,0.31369150779896,0.323626278384469,0.354419410745234,0.408839779005525,1.4987012987013,0.885714285714286
"212051322",0.331708268330733,0.950649350649351,0.857142857142857,0.341653666146646,0.370081469925464,3.49220779220779,0.224081897952551,3.09558441558442,0.456094742923166,0.387242156352921,0.408896591565569,0.469752541900738,0.962337662337662,0.866666666666667
"212051323",0.381806700839462,1.08961038961039,1.02135642135642,0.364621251516727,0.38648688804695,4.00155844155844,0.251200664427834,3.41558441558442,NA,0.343889755590224,0.435153090699018,0.504898091833418,1.18961038961039,0.982467532467532
"212051324",0.403224128965159,0.962152133580705,1.14430014430014,0.395244698676836,0.377015080603224,3.92467532467532,0.240563628766424,4.49142857142857,0.320335066435586,0.403276131045242,0.480358174465627,0.469252157584949,1.28311688311688,0.832467532467532
"212051325",0.209438377535101,0.633246753246753,0.736623376623377,0.242218260158978,0.272837580169873,2.68311688311688,0.158828172152839,2.0987012987013,0.220874253803197,0.24219968798752,0.258809936452917,0.291896869244936,0.675324675324675,0.719480519480519
"212051326",0.420956838273531,1.41632653061225,1.35562770562771,0.482535968105391,0.420288240101033,3.31233766233766,0.231109847253819,3.73506493506494,0.400250336992105,0.434165366614665,0.448295782784518,0.498808363124255,1.21372912801484,1.47532467532468
"212051327",0.229589183567343,0.824242424242424,0.894805194805195,0.364014560582423,0.296801872074883,NA,0.185489112772181,2.29350649350649,0.22212593876372,0.296801872074883,0.297804737146158,0.346441338966526,0.433766233766234,NA
"213011328",0.249263303865488,1.42987012987013,1.23571428571429,0.249263303865488,0.275091003640146,2.49004329004329,0.155779438847362,2.49004329004329,NA,0.229069162766511,0.110918544194107,0.311558877694724,1.01385281385281,0.933766233766234
"213011329",NA,0.805844155844156,0.81974025974026,0.275351014040562,0.275351014040562,NA,0.170295742606435,2.72207792207792,0.283073367995378,NA,0.305892547660312,NA,NA,0.907359307359307
"213011330",0.307592303692148,0.800974025974026,0.823896103896104,0.288741549661987,0.27597503900156,2.82597402597403,0.169552904034542,2.79393939393939,NA,0.238689547581903,0.266608896591566,0.332141696457589,1.05454545454545,0.843290043290043
"213011331",0.343083723348934,NA,0.967099567099567,0.290604957531635,0.321112844513781,3.19047619047619,0.188061965117539,2.82987012987013,NA,0.270410816432657,0.330589254766031,0.356082764597552,NA,NA
"213011332",0.335326746403189,0.737662337662338,0.625108225108225,0.289521580863235,0.273617611371122,3.34199134199134,0.172354024482721,2.89220779220779,0.358174465626805,0.313919223435604,0.176198729058348,0.389909002274943,0.72987012987013,0.732467532467532
"213011333",NA,0.896103896103896,0.804329004329004,NA,0.378055122204888,NA,0.236269093272668,NA,NA,NA,0.323512420566147,NA,1.16883116883117,NA
"213011334",0.421216848673947,1.23051948051948,1.22457542457542,0.444929797191888,0.39204368174727,4.04025974025974,0.30622359441014,3.96734693877551,0.288561525129983,0.400546021840874,0.461005199306759,0.538056548586285,1.40779220779221,1.6961038961039
"213011335",0.343928757150286,NA,1.06839826839827,0.386063442537702,0.388559542381695,NA,0.218611201386632,3.43982683982684,0.469959560947429,0.350667360027734,0.456239168110919,0.437439064023399,1.04069264069264,0.927272727272727
"213011336",NA,1.51688311688312,1.54545454545455,0.323192927717109,0.40188940890969,5.22077922077922,0.253899902502437,5.22077922077922,NA,0.323192927717109,0.467648757943385,0.403964900877478,NA,NA
"213011337",0.306118911423124,1.04329004329004,1.20844155844156,0.270540821632865,0.293083723348934,2.60649350649351,0.17708807279818,2.82805194805195,0.285673021374928,0.278644479112498,0.418255343731947,0.388820279493013,1.1961038961039,1.18961038961039
"213011338",0.350949037961518,0.951948051948052,0.883405483405483,0.301352054082163,0.305304212168487,3.15670995670996,0.207019824504387,3.30181818181818,NA,0.289391575663027,0.300837666088966,0.350341241468963,0.883116883116883,NA
"213011339",0.311752470098804,0.636363636363636,0.570779220779221,0.326659733055989,0.311752470098804,3.08051948051948,0.19272018199545,3.08051948051948,0.396880415944541,0.309932397295892,0.312536106296938,0.379048857111906,NA,0.566233766233766
"213011340",0.218538741549662,0.545454545454545,0.557142857142857,0.200988039521581,0.213555208875022,2.09090909090909,0.120084497887553,2.13333333333333,0.208116695551704,0.168833420003467,0.213460427498556,0.240168995775106,0.890909090909091,0.422077922077922
"213021341",0.322672906916277,1.32467532467532,1.40779220779221,0.418421736869475,0.410244409776391,3.40865800865801,0.205841728956776,2.80865800865801,0.224436741767764,0.406266250650026,0.352012324282688,0.445563860903477,1.36709956709957,NA
"213021342",0.43300398682614,1.4025974025974,1.25310245310245,0.43300398682614,0.43300398682614,4.80606060606061,0.253114505470697,5.13073593073593,NA,0.40340613624545,0.585644136337377,0.469450763730907,1.64935064935065,2.09350649350649
"213021343",0.341328653146126,1.22931354359926,1.26406926406926,0.314005893569076,0.34507713641879,3.27220779220779,0.21885881424393,3.21774891774892,0.448873483535529,0.350196865017458,0.3789716926632,0.418020799480013,1.33073593073593,NA
"213021344",0.561102444097764,1.4991341991342,1.73852813852814,0.560322412896516,0.486219448777951,5.45974025974026,0.293386415339617,5.17922077922078,NA,0.451551395389149,0.606585788561525,0.710540569819088,1.73766233766234,NA
"213021345",0.362714508580343,NA,0.825974025974026,0.362714508580343,0.362714508580343,3.62337662337662,0.226681832954176,3.48051948051948,NA,0.362714508580343,NA,0.439064023399415,NA,0.818181818181818
"213021346",0.515947304558849,1.65194805194805,1.33766233766234,0.508775351014041,0.540873634945398,4.88181818181818,0.306345466363341,4.97337662337662,0.405834777585211,0.490184607384295,0.465626805314847,0.635142454771964,NA,NA
"213031347",0.532241289651586,1.31844155844156,1.37467532467532,0.504472178887155,0.535534754723522,4.10649350649351,0.271774455638609,5.01688311688312,NA,0.397815912636505,0.6105334103601,0.574802296609251,1.31168831168831,NA
"213031348",NA,2.31233766233766,2.57792207792208,NA,NA,NA,0.53233669158271,NA,NA,0.907696307852314,NA,NA,2.78441558441558,NA
"213031349",0.377535101404056,1.86285714285714,1.5838961038961,0.482059282371295,0.466354654186167,3.37748917748918,0.298586285342866,3.37748917748918,0.385904101675332,0.479199167966719,0.533362218370884,0.571985700357491,2.30649350649351,NA
"213031350",NA,2.17922077922078,NA,0.859594383775351,0.84919396775871,NA,0.530711732206695,NA,NA,0.852574102964119,0.978625072212594,1.03672408189795,NA,NA
"213031351",NA,1.23376623376623,2.04415584415584,0.712688507540302,0.712688507540302,NA,0.372196945076373,NA,0.549971114962449,0.595553822152886,0.501155401502022,NA,1.22597402597403,NA
"213031352",0.390535621424857,1.60779220779221,1.84761904761905,NA,0.628185127405096,3.9012987012987,0.357409814754631,5.35324675324675,NA,0.609897729242503,0.643558636626228,0.733506662333442,NA,NA
"213041355",NA,0.501298701298701,0.501298701298701,0.247789911596464,0.280551222048882,2.40779220779221,0.146571335716607,2.74415584415584,NA,0.236089443577743,0.26054303870595,NA,0.833766233766234,0.833766233766234
"213041356",0.258060322412897,0.854916512059369,0.803636363636364,0.224562315825966,0.24447477899116,2.12207792207792,0.147627559311017,2.56883116883117,0.292605430387059,0.220813832553302,0.351097631426921,0.34102480771314,NA,NA
"213041357",NA,0.813636363636364,0.844805194805195,NA,NA,NA,0.197432564185895,3.15584415584416,NA,NA,0.350953206239168,0.34579135521612,NA,NA
"213041358",NA,0.314285714285714,0.407792207792208,0.276651066042642,0.276651066042642,2.76363636363636,NA,2.76363636363636,NA,NA,0.207827845176199,0.155996100097498,NA,0.501298701298701
"213041360",NA,0.613419913419913,0.613419913419913,0.241939677587103,0.241939677587103,NA,0.151202469938252,NA,NA,0.230889235569423,0.261409589832467,0.290380240493988,0.719480519480519,0.59025974025974
"213041461",NA,0.602597402597403,0.602597402597403,0.163286531461258,0.109464378575143,NA,0.0684107897302567,NA,0.121606008087811,0.109464378575143,0.121606008087811,0.136821579460513,0.702597402597403,1.4025974025974
"213041462",NA,0.605194805194805,0.605194805194805,NA,NA,NA,NA,NA,NA,NA,NA,NA,0.605194805194805,NA
"213041463",NA,1.03203463203463,0.92987012987013,0.128965158606344,0.208268330733229,1.71948051948052,0.238056548586285,1.71948051948052,NA,0.208268330733229,0.377527440785673,0.424764380890478,NA,NA
"213051361",NA,0.833766233766234,0.755844155844156,0.30616224648986,0.302522100884035,2.63636363636364,0.213194670133247,2.96753246753247,0.374061236279607,0.305772230889236,0.3789716926632,0.426389340266493,0.714285714285714,0.584415584415584
"213051362",0.317342693707748,0.855658627087199,0.951948051948052,0.300052002080083,0.262415496619865,2.84155844155844,0.176795580110497,2.84155844155844,0.249277874061236,0.200598023920957,0.219670710571924,0.293684324558553,0.663636363636364,0.971428571428571
"213051363",0.308372334893396,0.784415584415584,1.00779220779221,0.237909516380655,0.238949557982319,1.99480519480519,0.12566352507854,2.04025974025974,NA,0.201074709655053,0.176343154246101,0.283501245802188,NA,NA
"213051365",NA,0.872356215213358,0.93030303030303,NA,0.320072802912116,3.28744588744589,0.197554436139097,3.38528138528139,NA,0.303172126885075,0.362579433853264,0.409246018849529,0.776623376623377,1.03116883116883
"213051368",NA,1.16493506493506,0.764935064935065,0.336713468538742,0.315652626105044,NA,0.207019824504387,3.36363636363636,NA,0.315652626105044,0.3316002310803,NA,1.41558441558442,NA
"213051369",0.333333333333333,0.764155844155844,0.753246753246753,0.265080603224129,0.28349800658693,2.64805194805195,0.156971075723107,2.83203463203463,NA,0.265210608424337,0.278836895821298,0.313942151446214,0.761038961038961,0.563636363636364
"213051464",0.0364014560582423,0.394805194805195,0.166233766233766,0.0808632345293812,0.0808632345293812,0.807792207792208,0.04062398440039,0.807792207792208,NA,0.0808632345293812,0.0898324667822068,0.10107247318817,0.394805194805195,0.122077922077922
"213051465",NA,0.765909090909091,0.76998556998557,NA,0.281851274050962,NA,0.168914527136822,2.57532467532468,NA,0.255330213208528,0.322790294627383,0.298667533311667,NA,0.714285714285714
"213051466",NA,0.754545454545455,0.833766233766234,NA,0.309932397295892,NA,NA,NA,NA,0.309932397295892,NA,NA,NA,0.65974025974026
"213051467",0.320159473045589,0.975139146567718,0.999628942486085,0.293205061535795,0.308025654359508,2.55844155844156,0.20628859278518,2.92121212121212,0.335644136337377,0.302998786618131,0.329578278451762,0.37081572960676,1.11428571428571,0.912987012987013
"213051468",0.205928237129485,1.07012987012987,0.916017316017316,0.198647945917837,0.198647945917837,2.03376623376623,0.069060773480663,2.03376623376623,NA,0.110504420176807,0.122761409589832,0.260101830787564,NA,0.587012987012987
"214011370",NA,0.933766233766234,0.869805194805195,NA,0.296671866874675,3.58701298701299,0.179828837612393,3.0038961038961,0.277296360485269,0.25368348067256,0.337666088965916,0.37081572960676,1.00519480519481,1.06753246753247
"214011371",0.345553822152886,0.955411255411255,1.13506493506494,0.278817819379442,0.368590743629745,2.98701298701299,0.225192286859495,3.19675324675325,0.304592720970537,0.359897729242503,0.426728288080108,0.430614234644134,1.17142857142857,0.833766233766234
"214011372",0.363494539781591,0.888311688311688,0.756215213358071,0.353700814699255,0.301027041081643,2.75497835497836,0.184340034356284,2.36493506493506,0.367706528018486,0.339248569942798,0.322429231658001,0.359701007474813,0.954978354978355,0.753246753246753
"214011373",0.293551742069683,0.677272727272727,0.562987012987013,0.321026174380309,0.299271970878835,3.00952380952381,0.201819954501137,3.4017316017316,0.196707105719237,0.27678107124285,0.291738879260543,0.401256635250785,0.546753246753247,0.574025974025974
"214011374",0.276477725775698,0.690909090909091,0.715151515151515,0.270237476165713,0.268590743629745,2.81212121212121,0.176860578485538,2.26753246753247,0.314846909300982,0.257323626278384,0.291392258809936,0.353721156971076,0.765194805194805,0.415584415584416
"214011375",0.27418096723869,0.807142857142857,0.823376623376623,0.296455191540995,0.269240769630785,2.77298701298701,0.161737623226086,2.62727272727273,0.256499133448873,0.239404576183047,0.259503177354131,0.313942151446214,NA,0.653246753246753
"214011376",NA,0.759307359307359,0.731601731601732,NA,NA,NA,NA,NA,NA,NA,NA,NA,NA,0.666233766233766
"214021377",0.242069682787312,0.911688311688312,1.2025974025974,0.186947477899116,0.244323106257584,2.41818181818182,0.151446213844654,2.84155844155844,0.268919699595609,0.242329693187728,0.316002310803004,0.312642183945401,1.18961038961039,NA
"214021378",0.0842433697347894,0.393506493506493,0.373506493506494,0.0555555555555556,0.0440717628705148,0.567099567099567,0.0526486837829054,0.567099567099567,0.0834777585210861,0.0768980759230369,0.116502984787214,0.105297367565811,0.495238095238095,0.281632653061224
"214021379",0.160296411856474,0.654978354978355,0.631601731601732,0.104524180967239,0.21606864274571,1.6012987012987,0.156700249160438,1.56753246753247,0.108318890814558,0.190457618304732,0.248218756017716,0.240428989275268,0.606233766233766,0.584415584415584
"214021380",0.368759750390016,1.38917748917749,1.22820037105751,0.361241116311319,0.368348067256024,3.29454545454545,0.236052432022533,3.3838961038961,0.384026574234547,0.387285491419657,0.431109185441941,0.457317733723324,0.919480519480519,1.12272727272727
"214021381",0.136505460218409,0.831168831168831,0.770909090909091,0.185127405096204,0.202548101924077,1.84935064935065,0.131188386956993,1.36363636363636,0.241478913922588,0.270930837233489,0.233198536491431,0.261293467663308,0.88961038961039,0.875324675324675
"214021382",0.188247529901196,0.672356215213358,0.627012987012987,0.158866354654186,0.188247529901196,1.65324675324675,0.0992850178745531,1.65324675324675,0.20421721548238,0.158866354654186,0.174032351242057,0.198570035749106,1.02467532467532,0.38961038961039
"214021383",0.174271970878835,0.724963924963925,0.664192949907236,0.190119604784191,0.199583983359334,1.78701298701299,0.11385548694616,2.05194805194805,0.206431735027922,0.190934304038828,0.206431735027922,0.240029713542876,0.74025974025974,0.632467532467532
"214021384",0.278167793378402,0.979962894248608,1.39642857142857,0.301768070722829,0.278167793378402,2.28506493506494,0.165374437067645,3.01669758812616,0.315053230997772,0.264625585023401,0.323223570190641,0.333859510655091,1.25945165945166,0.561038961038961
"214021385",0.0889235569422777,0.745974025974026,0.614285714285714,0.172516900676027,0.172516900676027,0.625974025974026,0.0974569385765356,1.08831168831169,0.0987868284228769,0.118651412723176,0.152224147891392,0.159652258693533,1.06233766233766,0.838961038961039
